0.000000	2,2,2,2,2,2,2,2,2,2,2,2,2,2,2,2,2,2,2,2,2,2,2,2,2,2,2,2,2,2,2,2,2,2,2,2,2,2,2,2,2,2,2,2,2,2,2,2,2,2,2,2,2,2,2,2,2,2,2,2,2,2,2,2,2,2,2,2,2,2,2,2,2,2,2,2,2,2,3,2,2,2,2,2,2,2,2,2,2,2,2,2,2,2,2,2,2,2,2,2,2,2,2,2,2,2,2,2,2,2,2,2,2,2,2,2,2,2,2,2,2,2,2,2,2,2,2,2,2,2,2,2,2,2,2,2,2,2,2,2,2,2,2,2,2,2,2,2,2,2,2,2,2,2,2,2,2,2,2,2,2,2,2,2,2,2,2,2,2,2,2,2,2,2,2,2,2,2,2,2,2,2,3,2,2,2,2,2,2,2,2,2,2,2,2,2,2,2,2,2,2,2,2,2,2,2,2,2,2,2,2,2,2,2,2,2,2,2,2,2,2,2,2,2,2,2,2,2,2,2,2,2,2,2,2,2,2,2,2,2,2,2,2,2,2,2,2,2,2,2,2,2,2,2,2,2,2,2,2,2,2,2,3,2,2,2,2,2,2,2,2,2,2,2,2,2,2,2,2,2,2,2,2,2,2,2,2,2,2,2,2,2,2,2,2,2,2,2,2,2,2,2,2,2,2,2,2,2,2,2,2,2,2,2,2,2,2,2,2,2,2,2,2,2,2,2,2,2,2,2,2,2,2,2,2,2,2,2,2,2,2,2,2,2,2,2,2,2,2,2,2,2,2,2,2,2,2,2,2,2,2,2,2,2,2,2,2,2,2,2,2,2,2,2,2,2,4,2,2,2,2,2,2,2,2,2,2,2,2,2,2,2,2,2,2,2,2,2,2,2,2,2,2,2,2,2,2,2,2,2,2,2,2,2,2,2,2,2,2,2,2,2,2,2,2,2,2,2,2,2,2,2,2,2,2,2,2,2,2,2,2,2,2,2,2,2,2,2,2,2,2,2,2,2,2,2,2,2,2,2,2,2,2,2,2,2,2,2,2,2,2,2,2,2,2,2,2,2,2,2,2,2,2,2,2,2,2,2,2,2,2,2,2,2,2,2,2,2,2,2,2,2,2,3,2,2,2,2,2,2,2,2,2,2,2,2,2,2,2,2,2,2,2,2,2,2,2,2,2,2,2,2,2,2,2,2,2,2,2,2,2,2,2,2,2,2,2,2,2,2,2,2,2,2,2,2,2,2,2,2,2,2,2,2,2,2,2,2,2,2,2,2,2,2,2,2,2,2,2,2,2,2,2,2,2,2,2,2,2,2,2,2,2,2,2,2,2,2,2,2,2,2,2,2,2,2,2,2,2,2,2,2,2,2,2,2,2,2,2,2,2,2,2,2,3,2,2,2,2,2,2,2,2,2,2,2,2,2,2,2,2,2,2,2,2,2,2,2,2,2,2,2,2,2,2,2,2,2,2,2,2,2,2,2,2,2,2,2,2,2,2,2,2,2,2,2,2,2,2,2,2,2,2,2,2,2,2,2,2,2,2,2,2,2,2,2,2,2,2,2,2,2,2,2,2,2,2,2,2,2,2,2,2,2,2,2,2,2,2,2,2,2,2,2,2,2,2,2,2,2,2,2,2,2,2,2,2,2,2,2,2,2,2,2,2,2,2
0.001000	2,2,3,2,2,4,2,2,3,2,2,4,2,2,2,3,3,3,7,2,2,2,2,4,2,3,2,3,2,2,2,2,13,3,2,2,3,3,3,3,2,2,2,3,2,2,2,2,2,2,2,4,2,4,7,2,2,3,2,3,2,4,2,2,2,3,6,2,2,3,3,2,2,2,2,2,8,3,2,2,2,3,5,6,6,2,2,2,4,3,2,4,2,2,3,2,2,2,2,5,3,2,2,3,2,2,4,2,2,2,3,2,2,2,2,2,2,2,2,3,2,7,8,2,3,4,2,3,2,2,2,2,2,5,3,4,6,4,2,3,2,6,7,5,8,3,3,3,2,2,11,2,2,4,2,3,3,6,2,4,2,3,2,2,3,2,2,2,6,4,3,2,2,3,2,2,2,2,2,2,2,2,2,2,2,8,2,2,10,2,2,2,4,10,2,2,2,2,3,3,2,2,2,2,2,2,4,2,3,2,2,2,4,2,2,2,2,2,2,2,2,2,2,2,5,2,2,2,2,2,2,2,6,4,6,2,2,2,2,2,4,4,2,2,2,2,2,2,3,2,9,3,2,3,3,2,2,2,2,3,2,3,2,3,3,3,4,3,2,2,5,4,2,2,2,3,2,5,2,2,3,2,2,2,4,3,4,4,2,2,2,2,2,4,2,2,2,3,2,2,2,2,2,8,7,2,3,3,4,3,4,2,2,2,2,2,4,2,3,3,2,5,2,7,5,2,2,2,2,2,3,4,2,2,2,2,8,2,2,3,2,2,2,3,2,2,2,2,2,3,3,5,3,2,5,2,2,3,3,2,3,5,2,2,2,5,2,2,2,5,2,2,8,2,2,2,2,2,2,5,2,2,3,2,2,2,2,2,2,2,2,4,5,2,4,6,2,2,6,2,3,2,2,4,2,2,3,2,3,2,2,2,2,3,3,2,4,2,2,5,2,6,2,4,3,2,2,3,2,3,2,2,4,2,4,2,2,2,2,2,2,4,2,3,3,3,2,3,2,2,2,2,2,2,2,5,2,2,2,4,4,4,2,2,2,2,3,2,4,2,6,5,2,2,2,4,2,4,9,4,2,3,2,4,2,2,2,2,2,2,2,2,3,2,2,2,3,3,2,2,3,4,2,2,2,2,2,2,11,3,2,2,4,2,2,2,2,3,2,2,2,2,11,2,2,3,2,2,2,2,6,2,2,2,2,3,2,4,4,2,5,2,2,2,5,2,3,7,2,2,2,4,2,2,2,2,2,2,4,2,2,2,2,7,2,4,2,2,8,2,2,2,2,2,2,4,5,2,2,2,2,2,2,4,2,2,2,2,2,2,3,4,3,2,3,6,2,2,3,2,2,3,2,3,4,2,4,2,2,2,2,2,2,2,6,7,2,4,3,2,2,2,2,2,2,2,2,5,3,3,4,3,3,3,2,4,2,2,4,2,5,4,3,3,2,2,2,4,3,2,2,2,3,4,2,2,2,2,2,3,2,2,2,3,3,3,2,2,2,5,2,2,2,2,3,5,3,2,2,2,4,2,2,7,6,2,6,2,3,2,2,2,2,4,3,2,3,2,2,2,2,2,2,2,2,3,3,3,2,2,2,2,2,4,4,2,2,2,2,2,3,2,5,2,8,8,3,9,2,5,2,3,3,6,3,7,3,10,2,4,2,2,2,2,2,5,2,2,3,2,2,2,2,2,2,9,4,3,2,4,2,2,2,5,5,3,2,2,2,2,4,2,2,2,2,3,12,2,2,3,2,5,6,2,2,3,3,2,2,2,2,2,2,2,2,3,2,3,5,2,2,3,3,2,2,2,2,2,2,2,3,3,2,6,5,3,2,3,2,2,3,2,2,3,2,2,2,3,4,2,2,2,6,2,5,3,4,2,2,2,2,2,2,3,2,3,5,2,2,2,3,2,3,2,2,2,2,2,2,3,2,4,2,2,2,3,2,2,4,2,2,3,2,2,4,3,2,2,2,4,2,6,4,2,3,2,4,2,3,2,2,2,5,2,2,2,2,2,4,2,2,3,2,2,2,2,2,3,2,3,3,2,3,2,2,2,2,3,2,3,3,4,2,2,2,2,2,4,5,4,2,2,2,2,3,3,4,2,2,2,2,7,2,3,2,2,4,3,2,2,3,2,2,2,2,5,2,3,2,4,2,4,6,2,2,2,2,2,2,4,2,2,5,4,2,2,2,2,3,3,2,3,3,2,4,3,2,2,2,2,2,3,2,3,2,2,5,2,2,2,2,2,2,3,2,2,2,2,3,3,4,3,2,3,2,4,2,2,2,3,2,2,4,2,2,3,2,2,2,4,2,3,5,2,2,4,3,5,3,4,2,2,2,2,3,2,3,2,2,3,2,2,3,2,4,3,5,5,6,4,2,3,3,3,3,2,2,2,2,2,2,3,2,2,3,2,2,2,2,3,2,6,2,2,2,2,2,2,6,2,4,5,2,2,2,3,2,2,2,2,2,2,2,5,3,3,4,2,2,8,2,2,2,2,3,3,2,2,2,4,4,2,2,5,2,3,2,10,2,4,2,6,2,3,2,3,3,2,2,4,2,2,2,4,2,2,2,2,5,2,2,2,4,6,3,2,2,3,2,2,2,3,2,2,4,4,3,3,2,2,3,6,2,2,2,2,2,11,2,3,4,2,3,2,2,3,2,2,2,2,2,4,3,2,2,2,2,2,3,3,2,2,2,3,5,2,3,2,2,2,2,2,2,3,2,2,2,2,3,2,2,2,2,3,2,2,3,6,2,2,2,2,3,2,2,2,3,2,2,2,3,2,2,7,2,2,5,2,2,2,2,2,2,3,3,5,2,3,2,2,3,2,2,2,2,2,2,4,4,2,2,2,2,2,2,4,4,2,2,3,2,13,2,2,2,3,2,5,2,2,3,2,2,3,2,2,2,2,2,2,2,2,4,3,2,5,5,2,3,4,2,2,2,2,2,6,2,2,2,3,3,2,2,2,2,2,3,2,2,3,2,3,3,2,3,5,2,3,3,3,3,2,2,3,2,2,3,2,2,2,2,2,3,4,3,3,2,2,2,4,2,2,4,2,7,3,2,3,2,2,5,2,2,2,2,2,2,3,4,3,2,2,3,2,2,3,2,2,2,2,3,3,3,2,2,4,2,3,5,2,5,2,2,2,2,3,5,2,2,2,2,4,3,3,2,3,2,2,4,2,2,2,2,5,2,2,2,7,3,3,2,2,2,5,2,2,3,3,2,2,5,2,2,2,3,2,2,4,5,2,2,2,3,2,3,3,2,5,2,5,2,4,4,2,3,2,2,2,2,3,2,2,9,3,2,2,5,4,3,2,2,2,2,2,3,2,3,4,2,11,3,3,2,2,2,2,9,3,2,2,2,3,2,4,3,6,8,2,2,4,2,3,4,3,7,2,2,6,2,2,2,2,2,4,2,2,5,6,6,7,9,2,8,2,2,2,2,3,2,3,5,2,2,7,2,3,3,2,4,2,3,2,2,2,5,2,2,3,2,3,2,6,4,2,4,2,2,6,2,2,2,3,2,2,2,2,4,2,3,3,7,2,2,2,2,2,2,2,4,2,3,4,2,2,3,3,2,8,2,2,2,2,2,2,2,2,2,2,3,3,2,2,3,3,2,2,2,2,2,2,2,2,3,2,4,2,4,2,2,3,2,2,2,11,2,2,2,8,2,2,3,3,7,7,7,2,8,3,2,3,2,2,2,2,5,3,2,2,4,2,3,2,2,2,3,3,2,2,3,2,2,4,2,3,3,2,4,2,2,2,2,2,2,4,4,2,4,3,2,2,2,3,2,6,9,2,3,2,2,5,3,2,3,2,2,3,2,8,2,3,3,2,2,3,6,2,4,3,9,3,4,2,2,5,2,4,3,3,4,3,9,2,2,3,3,2,2,2,4,2,3,8,4,2,9,5,2,7,2,2,2,4,2,4,2,6,9,4,2,2,3,2,8,2,6,3,2,3,2,2,2,2,2,2,2,3,2,3,2,2,2,2,2,2,3,2,3,2,2,3,3,2,2,2,3,2,2,2,3,3,2,2,2,3,2,3,2,2,2,2,2,4,2,2,4,4,2,3,2,4,2,2,2,2,4,2,2,2,2,2,2,2,2,3,4,3,3,2,4,4,2,2,2,2,3,10,2,2,3,5,3,3,2,2,2,8,6,2,3,4,2,2,2,13,2,6,2,5,9,3,2,2,2,2,2,3,2,2,4,3,3,2,3,6,3,5,2,2,2,2,3,5,2,2,2,2,2,2,4,4,2,2,5,3,2,2,3,4,3,7,4,3,2,4,4,7,3,2,2,2,2,2,2,2,2,2,2,2,2,3,2,3,2,3,2,6,2,2,2,2,2,2,2,2,2,2,4,2,2,2,3,4,2,2,2,2,2,3,4,2,3,2,2,2,2,2,2,2,2,2,2,3,3,2,2,2,2,2,8,2,2,2,2,2,3,3,2,3,3,4,3,2,4,9,3,2,2,3,2,3,2,2,2,2,2,2,2,2,2,2,2,3,3,4,2,3,5,2,2,3,2,2,3,2,2,3,2,3,2,3,2,5,2,2,4,2,2,2,5,2,2,2,2,2,4,3,5,2,3,2,2,3,3,4,2,2,2,2,2,2,2,6,2,2,3,3,2,3,2,2,2,2,2,2,3,2,2,2,2,5,2,2,2,2,2,2,2,4,2,2,2,2,2,2,2,2,5,2,3,2,4,2,3,2,2,2,14,4,2,6,2,2,2,2,2,2,2,2,4,2,3,2,2,2,3,2,5,2,2,2,2,3,2,2,3,2,2,2,2,2,2,2,3,2,2,2,2,4,2,2,2,2,2,3,5,3,2,3,2,8,2,2,2,2,2,2,2,2,2,2,2,2,3,2,5,2,5,2,3,2,5,5,2,2,2,2,2,2,2,2,2,2,3,2,2,2,5,6,2,2,3,2,2,3,6,6,6,3,8,2,2,2,3,2,6,2,3,2,2,5,3,5,2,3,2,2,3,2,2,2,4,2,2,4,5,2,4,2,2,2,2,6,2,2,4,3,2,4,2,2,4,2,4,2,2,3,2,3,4,2,2,2,3,2,10,2,6,2,2,2,2,3,2,2,2,3,2,3,2,2,2,2,4,2,2,3,3,4,6,2,2,2,2,2,3,2,2,2,2,4,2,13,2,4,2,2,4,6,2,2,2,6,2,2,2,2,2,2,2,2,2,2,2,2,2,2,2,2,2,2,2,2,3,2,2,2,3,2,3,3,3,6,3,2,2,3,2,3,3,5,3,2,2,2,7,2,5,2,4,2,5,3,2,4,2,2,2,2,2,2,2,2,3,2,2,3,3,4,4,4,2,2,4,2,2,3,2,3,2,2,4,2,2,8,6,2,2,6,5,2,2,2,2,2,4,3,3,2,2,2,2,3,2,4,2,2,5,2,3,2,2,4,3,3,5,4,7,2,3,3,2,9,2,3,2,2,2,4,2,3,2,2,2,6,3,2,2,3,2,3,2,2,2,2,3,3,2,2,2,3,3,2,2,3,2,2,3,3,2,3,2,3,2,2,5,2,7,2,2,2,2,2,2,2,4,5,6,2,3,2,2,3,2,2,2,2,2,2,2,2,3,6,2,2,5,2,3,3,2,2,6,2,2,2,2,2,3,3,2,10,3,3,2,2,2,2,2,3,2,2,2,2,2,2,2,2,2,2,2,2,3,3,2,4,2,3,3,3,2,2,3,2,2,4,4,2,2,3,2,2,3,2,3,4,4,5,3,2,2,2,2,2,4,2,2,2,3,2,2,2,2,3,8,2,2,2,16,2,2,2,4,4,2,2,2,2,2,3,8,2,2,2,3,5,4,2,2,3,2,2,3,9,4,5,3,2,2,2,2,2,2,3,2,2,2,2,2,3,2,2,4,4,2,2,2,2,2,2,2,2,2,3,3,14,2,2,2,2,3,2,2,2,2,2,2,2,3,8,2,5,7,2,2,3,3,5,2,2,3,2,2,3,8,6,4,2,2,10,2,3,2,2,5,2,2,3,2,2,2,2,3,2,3,3,2,3,2,2,5,3,4,3,2,5,2,2,2,3,2,2,2,2,7,2,2,2,3,2,2,2,3,2,2,2,2,2,3,2,2,3,2
0.002000	2,2,3,2,2,2,13,2,6,20,2,2,2,2,2,3,5,2,7,2,3,3,6,3,6,3,3,2,8,2,3,2,2,2,2,2,2,3,4,2,2,2,4,2,3,2,11,6,2,3,7,3,3,18,2,2,2,4,2,2,2,6,4,2,3,3,3,3,7,2,2,2,3,2,2,4,2,3,6,2,6,4,2,2,4,9,2,2,2,3,2,3,2,3,9,2,4,2,2,7,3,2,3,3,2,16,6,9,2,3,5,6,2,3,9,4,9,2,2,8,2,3,9,6,3,13,3,5,2,3,2,5,3,3,2,2,2,2,8,3,2,7,10,2,2,2,6,10,3,14,6,5,9,2,3,6,13,5,2,5,2,2,7,5,3,2,4,3,2,4,10,2,7,2,2,2,2,2,3,2,3,8,2,5,5,2,6,6,26,2,2,2,5,3,2,2,3,18,3,3,4,2,23,2,2,14,4,3,2,6,12,2,2,5,8,4,4,3,8,6,2,3,6,3,2,5,2,2,3,2,2,6,3,2,2,2,2,2,2,3,2,2,4,2,2,2,3,2,3,2,2,3,6,6,5,11,2,3,4,4,4,2,3,2,2,2,2,8,3,3,10,2,3,9,3,2,3,4,2,3,2,4,2,5,3,2,5,2,3,2,17,2,2,2,3,8,2,3,3,3,7,6,4,2,4,16,5,6,8,6,3,6,7,2,2,3,2,8,3,4,7,3,4,6,2,2,3,3,12,4,2,4,4,2,2,8,3,3,5,2,2,2,2,2,2,2,2,4,4,6,5,3,3,7,3,3,4,6,11,7,4,2,5,3,3,2,2,4,2,4,2,3,2,2,3,3,2,2,4,4,2,3,8,6,2,2,5,9,5,2,4,3,13,2,4,2,18,23,2,7,2,6,3,3,2,2,2,5,6,15,2,2,2,4,3,2,3,3,2,3,9,4,2,5,2,2,2,2,2,4,5,3,5,2,3,2,3,2,5,3,6,4,2,2,2,3,2,4,2,3,5,5,3,5,6,2,2,2,2,2,4,23,2,4,2,2,4,2,4,3,2,3,2,2,4,4,2,2,4,2,3,5,2,4,2,2,7,4,7,2,3,2,9,2,4,3,2,2,5,3,9,2,2,3,2,2,5,2,4,3,3,10,8,5,4,6,5,2,2,9,2,4,3,3,3,5,2,2,5,6,3,3,3,2,6,2,3,2,2,4,3,4,2,2,11,2,6,2,4,2,6,9,4,5,3,2,2,2,3,2,4,3,5,2,4,3,4,5,12,6,2,2,2,2,2,6,2,2,4,6,2,3,6,3,4,2,2,2,2,2,9,2,2,3,2,2,12,3,2,2,2,2,2,2,4,3,4,2,3,2,3,2,2,2,2,3,3,2,3,4,2,2,3,4,3,2,4,2,4,13,2,5,5,3,4,2,5,3,2,5,2,17,5,2,3,2,2,2,4,2,2,7,2,3,4,2,6,2,4,2,3,6,3,9,11,11,2,3,4,3,2,5,5,2,2,4,2,3,3,2,5,2,2,9,2,3,4,2,4,2,4,2,2,3,2,3,2,2,3,3,2,2,4,4,3,3,2,2,2,11,5,2,5,3,4,2,10,5,5,4,2,2,2,9,3,2,2,4,6,4,2,2,2,3,2,4,6,2,2,4,2,3,4,3,2,3,3,12,3,2,2,5,4,3,3,3,4,2,20,2,5,3,2,3,8,11,3,2,3,6,3,5,3,2,3,7,5,3,2,2,6,3,3,3,3,2,6,2,2,2,2,2,10,2,2,3,2,2,3,5,4,2,2,5,2,3,4,3,7,3,2,2,2,9,2,9,3,2,7,2,3,6,4,3,6,3,3,4,2,2,4,3,2,4,3,2,4,3,2,3,4,2,2,3,2,2,2,2,3,3,4,6,2,2,2,2,2,4,4,2,4,2,3,2,6,6,2,2,16,3,3,11,2,10,3,5,6,8,3,14,4,5,2,2,2,4,3,2,3,3,4,6,2,2,2,2,30,3,3,2,2,7,2,2,2,5,4,2,9,3,10,3,6,2,2,3,2,3,2,2,2,12,5,2,2,2,3,4,3,3,2,2,2,6,4,5,2,4,3,3,13,5,5,2,13,2,4,11,3,2,2,2,3,11,2,4,4,3,2,2,2,5,2,2,3,3,2,6,3,3,2,6,3,2,2,2,4,2,3,8,11,2,2,2,6,2,2,2,2,5,2,3,2,4,2,2,14,3,2,5,2,3,5,5,2,3,5,2,2,8,3,4,3,2,2,2,3,3,2,3,5,2,2,3,3,3,2,2,4,16,2,13,5,6,5,3,7,5,2,2,3,4,5,2,2,6,2,3,3,4,2,6,4,2,2,3,4,8,2,4,5,3,2,2,2,2,4,2,2,2,3,7,2,2,4,2,4,4,3,3,3,2,4,5,2,2,2,3,3,3,4,3,6,2,4,2,2,2,3,2,2,7,4,4,3,4,4,3,2,6,3,3,2,2,2,2,2,5,4,2,2,2,3,4,2,4,2,2,3,3,2,7,2,3,2,6,3,7,5,2,2,2,3,4,3,4,4,3,6,3,2,2,6,5,5,4,2,3,7,2,4,2,2,2,7,2,2,2,2,2,2,5,2,3,2,2,11,3,8,2,2,2,2,2,2,3,9,2,5,3,2,4,4,3,2,3,5,3,5,2,3,2,5,3,2,4,2,2,2,2,3,7,2,4,13,3,2,5,4,2,8,6,4,2,2,2,4,3,3,4,74,6,2,2,3,10,3,2,2,3,2,5,2,2,3,2,4,3,3,9,7,4,2,2,3,4,4,4,6,2,3,24,2,3,3,2,2,2,2,4,2,10,2,4,5,4,3,3,4,2,2,2,3,6,5,7,3,3,2,2,2,7,2,2,6,3,2,6,3,3,5,2,2,10,2,2,2,2,2,5,2,2,2,5,2,8,4,2,3,16,2,7,2,3,2,2,3,5,4,18,2,6,4,4,2,3,4,2,2,16,12,3,5,3,2,2,6,3,2,2,2,2,4,2,3,2,7,2,2,4,5,4,2,3,3,2,3,6,3,2,2,3,2,2,3,2,11,4,6,3,3,2,2,3,2,4,2,5,2,3,4,2,2,2,5,4,2,4,4,10,5,2,5,2,2,2,4,4,3,3,2,3,2,3,2,3,2,4,2,3,6,18,2,2,2,2,2,2,2,2,4,3,2,2,2,3,12,3,2,4,2,2,4,4,4,2,2,5,3,2,2,2,2,2,2,2,2,3,3,2,2,3,4,8,2,4,3,22,5,2,2,5,6,5,2,3,16,2,4,3,3,3,2,2,2,2,2,3,6,3,4,4,2,4,8,2,2,7,5,3,3,4,3,3,9,2,11,3,2,2,2,3,3,2,2,2,2,2,2,2,4,3,2,2,2,3,6,2,3,3,2,2,3,2,3,3,2,6,3,5,2,2,3,2,3,2,2,3,2,2,2,2,3,2,3,2,3,2,2,13,2,2,8,4,3,2,2,5,2,7,7,3,2,2,4,2,13,3,5,2,2,2,3,3,4,4,10,2,2,2,3,6,3,3,2,3,2,2,2,9,2,3,9,3,5,3,3,6,2,2,4,5,5,2,4,2,4,4,2,3,2,3,2,5,2,2,6,2,3,2,4,2,2,4,2,3,2,2,2,2,3,4,2,13,3,2,2,6,2,2,2,4,2,5,3,11,10,3,8,2,9,4,2,2,2,2,3,3,2,5,4,2,2,3,3,4,4,7,2,3,2,2,8,3,2,14,5,2,2,2,6,4,7,2,3,2,2,3,12,2,4,2,2,2,2,2,4,3,3,4,3,2,3,2,2,10,5,8,13,8,4,34,7,2,4,3,2,13,3,2,4,12,2,3,5,2,7,46,3,2,2,3,8,2,14,2,3,3,2,5,3,5,2,5,4,2,2,3,4,3,6,4,2,2,2,3,4,2,5,8,3,2,3,2,3,3,5,4,3,5,2,4,7,4,7,3,3,5,2,2,9,7,2,9,2,2,3,7,2,4,14,3,3,2,3,2,4,2,2,2,2,2,5,4,11,3,6,2,4,2,2,2,3,4,6,6,3,5,3,2,3,4,2,2,6,2,2,2,14,2,4,10,4,2,8,3,2,10,2,7,9,3,16,2,3,3,3,4,17,9,3,6,3,2,4,10,3,4,9,10,8,6,2,7,16,2,3,3,4,2,4,10,2,3,4,3,8,5,2,2,2,9,2,4,2,12,2,10,4,4,6,5,2,4,6,2,4,12,2,8,5,2,3,3,17,15,4,4,19,10,23,6,8,2,3,17,10,2,2,2,2,4,4,6,4,6,3,2,4,3,2,7,4,3,3,2,2,2,2,4,2,4,3,2,2,3,3,3,4,2,2,2,3,3,4,2,4,3,3,3,2,3,3,3,4,2,3,5,9,2,6,2,2,4,2,4,2,5,2,3,4,3,4,3,2,2,4,2,2,4,2,3,3,4,3,2,3,2,2,3,2,11,2,4,3,7,3,7,4,7,3,9,4,3,4,13,2,2,10,2,3,2,2,2,4,2,16,2,3,3,3,6,2,2,3,10,10,2,4,2,2,4,6,2,3,7,5,3,5,2,8,2,5,5,2,3,24,8,2,3,2,2,2,2,2,3,7,4,2,5,2,8,2,3,3,7,5,4,13,2,7,7,4,3,5,3,2,7,2,2,5,2,2,2,2,3,2,2,2,2,22,11,2,3,2,2,3,2,2,2,4,2,2,3,4,3,2,3,2,2,2,2,6,4,2,3,2,2,2,2,2,2,2,3,2,6,4,3,2,3,2,3,3,4,2,4,2,2,2,2,3,2,2,7,2,2,2,2,2,3,2,4,2,3,3,2,2,2,2,2,2,2,9,2,2,3,2,2,3,2,3,3,5,4,3,2,8,3,2,9,2,8,4,2,3,3,2,2,4,2,2,2,2,2,2,2,2,4,3,4,4,3,7,2,3,4,5,2,2,2,4,2,3,2,3,2,4,2,2,2,2,4,3,3,2,3,5,3,6,3,2,2,2,5,7,2,4,3,2,5,2,2,4,2,3,2,3,3,5,2,2,2,2,2,2,2,2,3,3,2,3,4,2,2,2,3,2,6,5,4,8,4,2,2,2,8,2,2,2,3,2,12,4,2,2,2,3,2,4,3,3,4,3,2,2,2,2,2,5,3,3,6,5,3,2,3,5,2,3,2,17,4,3,2,2,9,2,6,3,2,2,2,2,3,4,3,3,3,2,2,2,5,2,2,7,5,2,3,5,8,6,3,7,2,3,2,6,2,2,3,2,5,4,9,2,2,4,3,3,2,2,2,2,4,2,15,2,3,2,2,3,5,3,2,2,5,2,4,5,2,3,6,4,3,4,2,2,2,4,2,2,3,3,2,2,3,2,2,2,2,2,2,12,2,4,3,10,5,11,7,14,3,19,3,2,5,2,4,2,9,2,2,3,2,2,2,2,7,2,2,2,10,2,2,3,2,2,4,7,4,3,3,2,2,2,4,2,12,2,3,2,3,2,5,4,4,5,3,4,4,3,2,11,2,5,2,4,7,13,10,2,3,5,3,2,2,3,2,2,2,2,2,3,2,5,2,2,3,2,3,2,2,3,4,5,2,2,2,3,3,4,2,2,2,16,2,7,5,2,4,6,4,2,2,6,2,3,2,3,2,4,2,2,2,2,2,2,2,2,2,4,2,3,3,3,2,3,2,2,3,7,2,2,2,2,3,2,2,2,3,3,5,2,3,2,3,2,2,7,2,3,2,6,2,16,3,6,10,3,5,2,14,2,5,7,2,4,2,2,3,9,2,3,2,3,7,3,2,3,4,3,3,9,2,6,2,2,7,6,2,4,17,3,4,2,6,2,2,2,3,2,2,2,5,2,3,2,4,3,4,2,2,3,6,4,4,2,3,2,2,3,3,2,3,3,6,3,6,4,2,7,5,7,2,14,7,2,3,5,5,2,4,3,3,3,5,2,7,2,4,2,3,3,3,7,4,5,6,7,3,2,3,3,3,2,5,6,5,4,2,2,2,5,8,3,2,2,2,3,2,2,2,6,7,12,4,4,4,4,2,2,3,2,4,3,3,3,3,8,2,2,2,3,5,4,2,4,2,6,3,4,3,2,2,2,2,2,2,3,2,11,2,5,6,2,2,2,2,5,2,3,3,3,4,3,3,5,2,8,4,2,3,3,3,3,5,2,2,3,3,9,3,7,10,2,4,2,6,2,4,2,2,2,2,2,2,2,2,2,5,2,3,3,3,2,8,2,2,2,5,7,2,2,2,5,2,4,3,3,12,2,2,17,10,2,6,2,4,2,3,2,5,8,2,6,4,4,3,2,2,2,3,2,2,3,9,14,2,3,7,2,2,2,2,4,2,2,2,2,5,6,6,4,2,2,2,2,6,2,2,3,3,5,3,2,5,2,5,2,4,2,2,9,2,2,2,7,25,2,6,4,3,7
0.003000	4,7,19,3,2,6,7,3,2,24,2,8,2,4,15,8,5,37,12,8,4,8,2,6,3,3,2,3,3,3,2,2,2,3,2,3,4,12,3,3,2,2,6,2,2,2,4,3,2,4,3,3,5,3,2,6,6,8,4,29,2,3,3,4,2,3,23,2,3,3,12,5,5,2,15,3,5,2,6,3,3,2,4,2,13,2,3,2,5,2,2,10,46,2,7,6,9,3,14,3,5,3,2,4,7,8,11,4,4,3,3,8,4,8,7,5,4,4,16,11,17,6,14,3,6,8,6,5,4,3,3,2,11,5,3,3,9,16,5,25,2,7,3,6,22,2,24,21,12,2,7,2,4,22,2,11,3,36,2,8,5,15,2,5,3,18,8,6,7,4,2,5,4,9,3,2,2,6,12,7,4,5,8,2,3,2,33,2,6,8,2,7,2,3,2,5,2,2,3,8,7,6,3,2,13,4,2,8,2,11,2,2,2,13,2,4,5,2,4,2,3,5,2,7,4,11,2,11,3,3,21,2,16,3,2,11,2,19,7,3,4,9,2,9,3,2,2,2,2,3,2,2,2,4,2,13,13,11,9,3,17,8,3,11,4,4,2,4,2,7,4,3,10,3,18,3,3,5,4,2,3,8,3,4,4,2,2,2,5,3,5,3,3,3,19,2,6,3,4,6,3,2,3,2,3,2,6,3,16,43,2,5,7,5,4,3,7,3,6,2,20,6,2,2,3,2,3,5,3,4,12,2,3,2,4,3,2,12,7,31,2,2,2,7,5,2,3,11,2,5,6,4,2,7,2,8,8,5,3,3,3,2,2,8,8,7,5,2,2,6,18,7,3,11,6,10,10,2,3,3,8,4,11,4,2,2,3,4,6,4,2,2,2,3,4,3,8,4,5,3,17,4,8,7,5,5,23,2,2,8,7,12,4,4,4,6,2,3,2,7,3,2,2,9,5,4,2,6,2,3,8,2,4,6,12,3,3,3,4,3,5,3,10,10,4,3,2,2,10,4,5,15,6,35,10,13,3,5,13,6,2,2,2,7,7,2,5,2,9,4,4,7,2,2,3,3,7,9,4,2,4,4,6,5,3,3,2,6,2,16,5,5,2,22,8,14,2,18,2,2,2,5,2,2,3,2,2,6,3,49,2,2,4,27,8,10,15,7,2,2,2,4,2,4,4,31,2,2,3,11,2,7,5,4,2,3,8,7,2,6,6,14,3,12,4,2,9,4,4,2,4,23,3,3,3,3,7,11,4,2,5,3,3,2,2,24,3,3,2,2,2,2,3,2,2,2,3,3,3,4,2,3,6,5,3,4,2,2,2,6,2,2,12,4,2,2,2,2,10,4,3,2,2,7,3,13,3,3,3,5,14,5,10,2,2,3,3,7,8,2,4,2,4,8,2,6,3,4,3,3,18,4,6,10,3,3,14,14,7,9,2,3,2,2,3,4,7,4,2,3,4,5,4,2,8,2,6,5,2,2,2,9,4,3,2,8,3,5,3,4,3,3,2,2,2,2,2,8,2,2,4,4,9,5,2,5,7,3,6,2,2,4,3,5,3,4,2,2,3,2,2,2,7,4,7,3,2,2,2,4,6,3,3,3,4,6,5,3,6,3,11,3,7,2,2,2,10,3,3,7,9,2,4,3,5,2,3,13,5,2,4,3,2,2,2,5,8,9,3,2,2,3,3,2,6,6,2,9,3,8,8,5,2,2,3,12,2,5,4,8,37,10,4,5,3,5,6,4,2,9,5,3,2,8,2,4,9,2,3,3,2,3,2,27,2,4,8,18,2,3,2,9,2,2,12,10,2,4,5,10,3,2,21,2,2,7,4,6,2,3,2,3,4,11,20,22,2,3,5,3,4,14,5,11,4,13,4,4,3,11,3,4,4,2,20,3,12,2,8,3,4,7,3,2,13,6,3,2,3,4,28,2,3,6,107,3,3,3,4,2,5,30,14,8,20,4,2,10,5,2,2,4,5,2,2,2,4,9,4,3,6,3,2,5,2,6,2,5,2,4,3,5,15,2,3,2,5,3,3,5,9,6,2,3,8,2,4,2,7,3,2,3,2,5,2,2,2,10,6,2,2,2,4,4,6,22,2,5,2,5,3,3,6,6,10,6,3,4,3,2,13,7,2,4,2,2,7,3,13,6,6,2,7,2,8,2,3,2,2,5,2,2,2,2,2,3,4,2,2,10,2,13,8,3,27,4,8,5,7,2,2,4,4,13,2,5,7,4,2,2,2,5,4,2,3,8,8,2,10,2,5,9,2,2,3,3,3,8,3,3,2,20,2,4,2,4,2,4,4,2,4,2,2,7,4,4,2,3,5,7,3,3,2,5,3,2,3,11,2,7,6,3,3,2,2,5,2,2,2,3,2,3,2,3,2,2,2,3,3,7,2,4,20,2,8,5,2,3,6,13,3,3,11,2,4,2,4,7,4,6,2,18,3,7,4,3,4,4,4,2,2,2,2,4,5,9,13,3,3,4,4,2,2,2,2,10,2,2,5,6,3,6,9,20,2,3,2,8,4,4,3,2,2,2,14,7,7,2,2,3,4,3,2,2,3,2,3,2,3,2,4,4,2,3,15,4,10,3,4,7,4,5,7,4,8,2,3,8,6,5,7,2,6,3,2,21,3,6,2,2,2,2,6,6,14,10,8,5,20,8,5,19,14,3,10,4,5,40,3,3,5,2,10,16,4,3,4,13,3,18,7,2,3,2,52,2,3,8,4,2,3,12,7,2,4,2,2,3,7,3,5,2,9,3,4,6,2,2,4,3,3,10,5,2,3,3,3,2,25,12,9,10,3,2,2,2,7,8,3,2,4,3,13,2,14,3,11,5,4,3,2,5,4,9,19,5,4,3,2,2,2,2,2,10,7,3,3,7,3,5,2,2,2,2,17,2,2,3,8,5,14,3,2,39,4,34,6,20,5,8,2,3,2,23,2,18,2,5,5,2,5,36,14,2,11,2,18,2,10,4,3,7,6,30,2,2,20,16,26,30,2,2,19,6,15,3,5,4,2,16,2,4,3,5,3,3,2,4,6,4,9,3,4,2,3,7,5,6,11,3,6,3,4,13,3,3,6,3,2,3,2,8,4,2,2,5,2,7,3,5,7,2,3,2,6,2,3,5,6,5,6,7,6,4,4,5,5,8,5,2,3,2,2,3,2,7,3,2,2,12,4,6,3,11,7,11,12,15,16,2,2,36,4,2,4,3,12,8,3,2,2,18,3,15,3,2,2,5,14,7,2,15,2,10,11,11,5,2,5,3,3,43,4,5,2,2,2,11,3,7,2,13,9,10,23,6,14,2,3,2,4,18,2,8,3,2,3,2,4,7,2,2,2,7,2,2,2,14,33,2,5,2,8,4,9,4,2,3,3,4,5,3,2,16,5,8,2,3,7,2,3,4,34,2,4,3,5,2,3,2,2,3,7,4,3,3,2,2,7,2,4,2,3,3,2,2,5,2,5,2,2,11,3,2,5,3,10,4,4,2,4,3,3,3,3,3,2,10,3,2,2,2,3,2,6,3,3,3,2,4,2,4,2,2,2,9,2,4,4,2,2,2,11,4,3,2,2,2,8,10,2,12,5,2,3,2,2,2,3,3,2,4,2,3,2,2,2,3,2,4,3,2,4,4,3,9,2,3,2,2,4,5,2,4,2,3,2,3,2,5,2,9,7,5,3,2,11,2,9,5,3,7,3,3,3,4,4,7,2,4,2,2,3,2,4,3,5,4,3,2,3,2,3,5,2,2,4,3,4,2,9,2,40,2,2,8,2,4,6,2,4,27,4,7,2,2,4,3,3,5,5,14,3,2,4,5,2,17,5,4,2,8,2,4,6,3,12,2,5,2,3,5,2,2,2,7,3,9,2,2,3,6,26,3,2,2,10,4,2,2,5,6,2,3,3,2,32,3,4,3,2,2,4,2,2,2,3,4,8,7,4,2,2,3,17,11,2,3,2,4,6,2,2,2,4,6,6,9,4,3,4,6,33,2,3,19,5,10,2,13,9,2,2,6,3,2,4,7,3,9,2,2,4,5,2,19,2,2,2,2,8,2,5,2,2,12,2,3,2,3,2,4,10,8,61,2,9,6,3,3,5,3,3,3,4,12,2,5,7,5,3,2,7,10,2,2,4,3,2,2,4,2,5,2,2,2,18,8,3,6,9,3,2,8,2,3,3,4,2,2,7,2,2,2,2,2,5,2,2,2,3,4,2,2,3,3,2,6,2,3,2,4,5,2,3,11,3,2,2,11,2,3,3,7,2,4,2,8,6,18,3,8,10,2,3,7,4,2,2,2,2,6,3,14,16,3,5,2,2,3,3,3,2,2,4,3,5,2,6,2,2,2,19,2,4,17,3,4,2,6,5,2,2,2,3,4,2,4,3,9,2,9,9,2,2,3,3,8,2,2,2,13,2,2,5,5,4,13,2,2,8,12,14,2,2,2,3,5,5,3,3,6,2,7,2,2,4,11,4,7,7,8,3,2,3,3,4,2,6,6,6,7,2,4,2,2,2,6,16,3,2,2,2,5,3,3,5,3,2,8,12,4,9,2,2,4,2,3,2,2,10,6,9,2,2,2,3,3,9,2,2,3,3,5,2,8,2,2,3,2,3,7,5,18,2,2,2,3,5,4,5,6,2,4,3,2,6,2,11,3,6,3,10,4,2,3,3,3,2,2,4,2,18,2,5,2,4,2,2,3,2,2,2,2,4,3,6,5,2,2,5,5,4,4,2,3,2,2,5,7,2,2,7,40,10,2,2,2,3,3,2,4,3,6,8,4,2,12,6,3,2,3,4,2,2,2,3,12,33,2,7,2,2,3,5,3,2,2,9,6,6,3,2,3,2,2,2,2,3,2,14,7,3,2,2,10,4,7,2,28,7,3,3,2,7,3,4,2,42,2,5,4,2,4,2,2,3,11,3,3,6,8,4,2,4,3,4,3,5,2,5,3,2,7,6,6,6,6,3,7,4,3,8,4,10,2,2,2,2,5,5,2,2,3,3,6,6,2,2,2,2,3,3,4,3,2,2,2,3,4,13,2,6,10,4,4,14,2,3,2,5,6,2,3,3,14,7,2,3,4,3,2,2,29,13,3,3,4,2,16,14,2,7,2,2,6,35,3,2,9,7,2,3,3,3,2,5,3,3,2,9,10,2,2,2,15,8,5,9,39,2,4,14,16,10,4,17,3,10,6,9,7,2,5,11,2,2,3,2,3,4,2,7,6,42,2,2,2
0.004000	2,11,4,2,2,3,4,3,8,3,19,29,2,24,8,41,7,16,14,21,11,12,11,3,2,4,32,14,2,5,15,12,10,14,14,24,13,28,4,16,2,3,6,27,7,2,4,2,2,12,7,6,2,5,11,9,6,4,20,13,12,5,3,5,37,6,2,6,5,2,30,18,18,70,2,5,23,9,21,3,3,3,2,5,9,4,2,2,3,11,6,2,7,4,7,2,3,9,2,27,2,6,9,4,41,2,4,13,5,4,29,3,16,2,4,19,3,4,7,7,4,5,4,2,3,2,31,2,4,5,2,4,2,8,10,2,6,5,2,19,2,4,3,5,3,2,3,3,6,5,4,4,2,2,2,6,3,11,2,2,2,2,7,14,7,38,14,2,2,6,3,6,2,7,19,5,2,5,24,3,2,9,4,6,3,13,13,2,9,26,2,3,2,2,6,5,3,2,2,4,2,3,8,13,5,8,2,14,5,9,3,6,7,7,6,4,4,2,13,14,7,3,10,13,3,4,8,5,5,8,2,4,2,5,10,4,8,17,5,4,6,2,22,20,3,20,6,5,2,24,24,3,16,4,7,14,3,3,3,19,2,3,2,9,11,6,28,6,3,6,3,4,21,6,7,9,6,9,3,12,8,2,5,9,2,6,4,2,31,2,5,4,26,13,2,2,3,2,22,9,3,3,2,2,5,8,5,5,12,42,18,5,2,3,4,100,19,7,11,4,7,8,2,4,3,42,10,4,3,16,4,40,3,3,2,2,6,28,5,4,31,46,17,5,3,3,4,3,5,4,4,19,2,7,2,3,3,18,22,14,2,3,2,4,7,6,3,23,43,2,4,7,3,6,2,2,4,2,14,7,2,2,5,3,3,3,4,28,2,7,11,2,11,6,17,4,4,3,4,25,4,2,4,2,2,3,13,8,5,2,7,2,13,13,12,2,4,8,3,3,3,2,4,18,2,4,3,9,10,5,5,31,16,3,3,7,6,4,2,2,7,2,2,3,8,3,2,10,7,2,3,5,62,22,3,3,3,8,4,5,4,4,2,2,4,2,3,5,5,3,12,15,3,11,3,2,2,8,11,6,2,3,9,3,2,3,2,3,2,2,2,3,2,13,2,4,2,3,37,27,4,2,2,4,10,4,2,18,7,4,15,13,5,2,2,3,2,2,10,21,5,3,9,4,11,9,10,3,4,40,11,2,2,2,11,17,11,2,2,17,5,2,6,8,22,2,5,6,16,5,17,17,13,5,6,9,2,2,9,4,5,7,3,2,2,5,7,16,2,17,43,20,9,6,8,6,2,18,46,3,3,4,8,26,6,35,11,52,4,2,8,3,8,3,2,7,2,3,20,11,3,6,6,17,3,8,15,9,8,2,5,27,7,6,3,13,6,32,2,16,5,7,28,3,12,2,3,2,3,2,9,21,15,3,4,4,5,9,64,55,5,58,21,9,2,4,2,5,19,14,3,47,43,92,25,2,5,23,2,2,4,8,6,24,4,16,9,2,8,6,3,11,5,3,13,6,2,3,16,5,29,6,3,3,2,2,11,2,4,5,2,5,6,5,6,6,4,2,5,9,2,4,3,2,11,9,5,4,8,7,9,2,2,17,4,6,7,15,20,14,19,22,14,4,2,3,12,11,20,2,3,4,20,7,6,17,2,10,118,2,3,2,5,15,21,4,5,7,6,22,2,7,45,9,2,7,8,2,4,7,2,2,2,3,2,2,2,2,3,10,3,3,8,7,2,10,2,10,3,4,10,2,2,2,2,2,2,2,10,2,3,47,2,8,2,5,2,15,6,4,5,8,15,12,5,6,8,2,7,3,2,3,4,2,40,3,3,2,5,16,2,3,3,3,3,9,3,2,12,6,3,3,3,2,2,5,2,7,2,15,3,7,4,10,4,3,5,3,6,3,3,2,2,6,6,4,10,4,4,2,4,7,3,2,9,2,7,3,28,2,2,2,8,10,2,20,6,3,4,3,2,3,3,7,2,5,4,3,3,12,2,2,4,4,5,2,4,2,3,2,3,2,2,7,3,2,15,3,2,4,21,5,7,3,3,3,8,4,5,7,2,6,4,2,4,5,3,3,5,2,2,3,5,2,5,2,4,3,2,4,2,3,6,6,12,3,10,2,2,5,3,2,53,4,37,5,2,4,3,16,2,8,3,5,18,9,2,14,7,3,22,2,9,2,4,2,2,10,9,2,3,3,2,2,5,2,12,6,2,2,9,5,38,2,7,4,3,5,3,3,9,14,9,18,2,3,2,4,6,3,10,31,9,39,24,2,2,12,2,2,22,8,4,7,7,13,2,2,2,9,4,9,10,2,2,2,13,3,2,2,4,2,2,44,3,4,2,10,4,2,7,69,2,4,14,2,5,3,13,3,2,2,12,2,4,3,4,3,2,6,6,2,2,24,8,9,7,2,8,3,2,4,2,5,5,3,7,3,5,3,3,2,4,2,6,4,2,3,3,3,2,12,5,33,2,2,2,7,5,2,22,8,15,8,12,3,6,9,6,13,4,2,2,3,3,8,3,2,34,2,7,10,2,2,22,4,22,6,2,5,7,20,4,4,2,4,2,17,2,2,2,11,17,2,38,2,6,5,7,2,2,3,4,5,10,4,7,29,7,3,2,3,3,2,6,5,2,6,9,2,3,2,3,4,2,2,20,3,3,7,9,8,8,5,12,8,3,9,16,2,15,2,5,8,4,2,10,2,2,3,10,6,4,7,21,3,2,5,5,4,5,4,18,9,3,11,2,11,6,4,10,3,4,3,3,3,28,2,2,2,4,3,2,7,2,2,7,2,4,2,6,2,5,5,5,2,3,4,4,2,15,3,7,43,2,2,5,3,2,5,19,2,14,22,4,6,2,2,12,36,2,3,2,2,2,12,7,3,5,4,3,3,2,3,2,2,2,14,7,2,6,41,9,2,2,3,2,42,8,2,2,9,3,12,3,15,14,11,6,4,2,4,3,2,5,6,3,2,12,4,5,6,3,3,7,12,12,6,2,6,2,5,5,8,6,8,2,2,2,7,3,2,17,4,8,4,2,2,3,4,12,2,4,9,4,5,2,2,5,2,19,4,2,5,2,3,3,7,15,2,2,7,3,3,3,3,4,39,3,2,23,14,2,3,46,6,2,9,9,2,2,3,3,8,7,2,8,2,11,3,23,8,29,17,83,4,4,2,3,2,22,7,3,5,3,2,2,42,3,2,4,6,11,4,22,61,17,5,17,16,2,21,2,6,3,3,4,3,3,3,2,3,4,4,3,2,3,2,4,6,6,6,2,3,2,17,3,2,4,3,4,7,3,6,41,5,6,3,12,4,5,17,15,7,20,2,5,2,15,2,9,2,30,4,24,10,32,16,9,10,16,3,15,22,14,3,3,6,4,17,18,2,12,15,23,3,12,6,3,5,16,5,42,15,6,29,3,33,5,3,13,2,2,15,25,4,2,13,2,3,28,2,36,15,2,3,12,5,6,4,23,34,19,3,3,8,3,10,2,79,2,8,2,6,2,7,3,5,4,8,2,34,11,3,3,12,15,4,4,4,2,2,19,19,8,13,2,2,23,40,9,7,2,7,5,16,8,2,2,2,7,4,3,4,15,33,9,3,25,3,24,7,7,16,13,3,32,3,8,9,2,2,8,3,2,3,26,3,5,2,4,3,29,9,5,54,2,5,2,5,10,8,4,28,6,2,3,4,5,4,4,2,16,7,52,2,7,11,9,8,15,2,7,6,3,8,3,2,10,22,9,6,31,15,5,9,16,3,11,11,11
0.005000	2,27,2,2,3,3,22,14,2,13,13,6,3,3,13,2,2,6,10,3,6,2,3,19,9,5,3,3,3,3,33,4,2,6,4,13,34,5,4,4,2,8,6,3,21,8,3,3,2,6,4,9,6,3,2,4,5,12,19,3,2,36,10,31,26,4,7,6,4,7,2,7,2,2,11,38,19,3,22,5,32,3,3,4,6,4,6,2,3,5,2,9,12,15,3,16,2,3,2,7,3,4,3,2,3,3,14,14,2,19,7,7,8,5,37,32,10,6,35,2,7,4,2,2,2,3,2,33,5,23,9,4,10,13,4,7,3,8,9,2,35,36,5,17,29,17,18,13,24,35,4,8,5,5,3,7,16,43,16,29,6,19,5,3,66,4,3,99,7,6,35,13,13,9,3,25,2,11,3,3,9,25,15,2,5,27,6,3,13,31,45,43,7,24,9,5,7,2,3,4,5,7,12,58,21,15,7,3,47,138,52,8,3,6,6,24,31,3,3,29,12,19,179,6,2,6,3,3,4,2,14,4,5,17,6,5,4,2,14,10,5,3,6,5,12,7,6,9,6,19,11,15,35,15,19,17,50,4,2,28,20,5,19,19,26,8,54,12,8,7,110,12,62,10,3,6,13,54,13,2,7,2,5,2,2,6,11,4,2,11,8,8,7,7,4,13,7,4,9,3,2,4,2,13,13,3,4,3,8,7,3,12,3,10,7,10,4,2,2,2,10,3,2,3,47,2,5,2,15,35,16,15,3,7,3,2,3,4,2,40,3,2,2,2,2,3,16,2,3,3,13,4,12,5,3,7,3,2,2,5,2,2,7,15,14,8,2,14,3,4,3,14,7,2,6,6,4,2,10,4,3,6,4,2,3,2,18,3,6,28,2,8,32,6,3,4,4,4,2,3,7,2,5,4,3,16,4,4,5,2,2,5,2,3,2,4,3,2,3,4,21,3,2,4,21,5,7,3,3,3,4,5,4,7,4,6,3,4,5,3,6,2,5,6,2,3,2,2,6,6,2,3,3,5,3,2,5,6,6,3,3,2,10,4,2,5,53,3,4,37,7,3,16,8,7,23,3,10,4,9,9,10,3,27,11,2,2,10,2,2,8,12,29,10,2,12,2,8,6,3,6,39,7,11,8,12,14,27,13,3,5,2,4,6,3,10,31,9,75,2,22,4,4,17,19,12,2,13,9,2,4,2,2,6,2,2,2,10,3,4,10,69,11,2,9,2,9,8,2,2,2,16,9,11,2,2,3,4,3,2,6,6,4,22,9,2,7,3,8,2,4,8,8,7,3,11,2,3,2,4,10,5,3,3,2,12,38,2,2,2,10,2,28,6,16,6,6,34,20,2,31,2,2,3,3,9,10,2,2,22,2,7,31,8,4,2,17,2,2,11,59,2,4,2,3,4,2,9,30,10,2,5,2,2,14,14,2,3,20,6,13,18,17,2,9,9,16,2,3,15,5,8,3,10,2,2,2,4,16,4,11,29,4,15,7,2,6,7,2,22,9,5,7,10,4,2,3,3,7,2,3,31,15,2,2,2,7,2,2,2,10,11,17,7,2,2,7,27,3,2,15,12,5,31,25,2,64,2,3,8,2,4,3,15,5,5,4,6,3,7,2,2,15,53,3,2,42,2,3,8,24,3,6,34,6,4,2,7,6,18,6,6,2,5,30,8,2,6,5,6,8,2,14,4,4,3,2,14,8,4,3,4,8,13,6,3,2,21,2,2,3,12,6,8,2,11,2,3,13,33,3,25,18,59,13,2,3,3,3,3,2,11,80,11,3,60,10,20,2,4,2,18,6,7,3,7,5,42,3,2,17,2,4,6,11,4,2,25,19,90,2,2,21,4,10,8,10,5,3,4,5,8,2,2,5,12,2,3,6,5,2,41,12,2,6,3,12,4,11,27,23,3,2,10,4,15,107,20,16,8,41,2,3,10,21,15,37,14,15,12,13,21,12,138,2,2,6,44,2,2,3,28,2,36,15,2,3,7,13,3,9,19,3,60,19,2,3,8,5,2,6,2,5,4,8,11,3,15,19,13,5,2,21,8,2,24,12,63,2,29,2,4,5,3,10,4,4,33,37,3,24,7,3,3,8,11,2,2,8,3,2,4,68,4,8,2,4,100,2,10,15,4,28,6,7,4,8,2,16,2,7,52,2,12,6,4,15,2,7,2,21,20,14,45,5,17,6,21,14,10,2,2,7,6,3,4,4,4,11,19,30,6,8,33,21,11,3,4,2,8,5,14,13,24,22,69,10,16,32,3,25,32,2,22,2,15,4,23,15,11,3,9,6,11,21,9,70,2,8,2,4,6,18,37,8,2,6,2,66,11,25,6,12,53,9,3,7,4,11,6,7,2,16,2,29,3,7,4,8,4,2,5,3,10,2,79,28,2,11,8,15,23,32,36,3,6,19,15,15,2,6,5,7,2,11,5,28,15,40,6,9,2,9,3,2,8,2,8,4,8,9,4,19,2,4,4,2,3,5,5,3,2,3,4,2,6,3,4,2,3,37,2,2,7,2,79,3,6,7,4,19,13,5,2,5,25,4,2,3,9,2,9,2,2,58,3,17,5,6,2,8,13,5,4,50,14,3,20,13,2,7,3,2,18,14,8,7,3,10,4,9,11,10,6,5,10,5,2,13,3,7,6,3,20,20,7,28,12,5,20,7,12,25,3,3,9,20,12,7,16,9,14,55,19,6,7,5,10,11,2,15,18,5,7,5,9,7,13,2,5,9,9,4,18,34,27,5,4,8,51,5,13,6,4,5,3,16,17,189,49,3,3,3,34,4,112,5,4,10,4,5,20,2
0.006000	2,41,5,2,7,61,8,3,45,4,8,2,2,2,2,2,6,11,15,8,8,4,8,3,21,4,9,2,4,2,8,13,4,17,3,12,8,7,12,24,21,2,2,2,15,3,5,49,2,15,35,38,5,3,7,4,4,2,43,7,2,2,16,2,5,3,39,2,3,2,2,5,2,2,7,15,14,18,3,4,14,7,2,6,4,17,3,6,5,2,4,18,3,5,28,4,8,40,7,5,2,7,2,9,3,16,4,5,5,2,5,8,6,2,3,2,2,4,3,2,7,3,18,3,2,4,21,5,7,3,3,3,2,4,2,5,7,5,7,6,3,3,5,4,6,5,2,2,3,2,8,8,6,3,3,4,11,3,5,2,10,3,12,2,2,10,3,3,6,43,8,37,7,3,7,24,23,4,9,9,19,19,20,2,2,2,7,12,29,3,14,12,8,51,7,11,8,53,13,3,4,2,3,20,77,22,12,38,6,23,2,5,41,2,3,2,2,5,2,20,2,7,2,5,4,10,75,3,19,2,13,5,9,2,4,11,2,4,8,4,6,3,2,26,9,2,7,11,4,10,8,15,2,4,14,5,2,15,4,8,14,3,2,5,17,2,11,2,6,16,19,13,31,34,2,3,3,11,2,10,2,2,22,2,30,64,14,3,2,4,2,9,41,2,3,6,2,11,14,2,4,3,20,2,2,7,31,25,2,18,5,2,8,5,10,2,20,4,40,2,4,15,2,31,14,33,5,7,10,4,2,2,13,4,2,47,2,2,2,9,2,7,11,13,12,2,7,2,2,11,8,12,5,31,25,2,2,4,2,12,3,13,5,6,2,4,7,2,2,9,15,53,3,24,8,44,2,3,3,24,3,4,2,7,6,44,13,2,7,3,8,32,5,2,14,14,14,2,23,8,2,13,6,2,2,17,6,2,11,3,13,2,9,33,3,25,18,3,72,2,3,5,2,4,16,6,11,61,11,3,60,10,20,2,4,2,27,7,3,9,42,4,11,11,3,6,4,19,117,14,10,5,5,2,4,9,5,12,5,12,2,3,6,5,2,59,3,4,5,33,11,5,23,3,2,17,132,10,3,8,41,3,5,37,14,15,31,21,172,2,2,46,28,3,36,15,17,9,19,3,3,60,19,3,2,8,2,6,2,5,4,2,9,14,15,19,5,2,29,89,14,29,2,5,3,15,100,11,2,11,3,3,7,17,68,15,2,11,112,15,4,28,6,4,2,8,7,18,6,63,19,9,15,2,23,2,2,52,22,31,19,25,5,7,11,19,30,2,6,45,14,17,21,11,3,4,61,19,4,24,49,16,12,33,25,21,2,15,4,17,21,6,6,33,3,11,60,8,16,190,3,17,12,6,3,5,5,4,36,6,4,6,8,22,3,10,4,25,4,15,2,5,7,2,15,8,25,97,25,23,7,37,3,2,11,24,6,3,10,39,5,48,40,6,13,9,33,2,18,2,3,6,9,8,15,4,19,4,2,4,4,2,3,2,8,3,2,3,2,6,3,3,4,7,3,7,4,28,4,5,2,5,2,26,3,13,48,19,2,7,3,17,5,13,6,5,14,2,2,15,6,15,8,17,7,2,18,14,7,27,11,18,23,17,2,13,5,3,37,18,3,20,59,55,30,5,3,3,27,2,9,9,52,19,35,13,15,13,16,11,25,14,12,21,108,7,60,11,12,51,5,3,7,14,11,37,34,4,307,57,19,7,4,2,5,10,13,20,3,2,3,14,2,5,26,10,9,6,2,25,2,19,7,4,7,3,11,2,6,59,11,3,3,2,34,3,39,5,8,2,16,17,8,10,19,16,3,6,4,16,2,8,2,9,36,3,4,6,9,3,13,2,5,19,3,22,81,8,59,6,11,13,7,6,9,9,6,3,18,3,13,2,7,3,12,3,2,3,2,5,5,19,26,2,5,7,2,9,3,111,39,3,9,14,26,2,3,9,4,2,3,30,11,83,5,17,124,4,31,62,9,15,5,5,10,16,9,4,2,22,18,6,5,64,4,7,59,13,40,8,3,42,13,25,14,11,17,12,2,5,20,2,33,2,7,12,5,21,15,7,93,92,3,6,38,10,66,313,27,3,8,4,2,9,6,6,2,9,23,20,10,5,3,6,13,4,25,19,50,17,36,53,19,145,97,3,131,48,62,34,3,6,13,66,3,2,16,3,2,2,4
0.007000	3,2,6,4,8,21,4,11,4,18,15,4,3,29,12,17,20,7,24,2,2,3,15,3,5,49,16,65,3,14,7,3,4,6,3,3,43,7,2,2,16,3,3,21,3,4,7,16,3,2,2,2,2,7,14,2,2,4,2,17,8,4,13,5,49,4,8,3,7,5,7,2,9,5,8,5,5,7,2,6,2,5,2,5,10,15,3,2,4,2,21,5,12,3,4,4,2,4,8,16,6,8,6,3,4,5,6,2,6,2,3,11,5,10,8,6,3,3,4,2,8,44,7,11,24,2,2,10,57,9,8,39,29,7,4,3,23,19,19,13,24,2,14,47,14,2,12,8,51,7,4,11,12,38,2,169,11,3,85,18,7,2,2,11,11,19,2,3,2,18,20,3,5,9,8,6,11,19,4,6,5,15,2,4,34,4,5,13,13,5,26,12,6,16,34,32,3,6,33,9,2,39,12,2,30,8,7,41,2,9,5,5,9,17,3,20,2,2,39,12,5,19,2,2,2,23,3,2,2,28,11,17,49,19,5,2,36,9,5,4,17,2,13,47,15,2,2,7,11,7,11,8,12,27,2,4,3,3,27,3,6,4,7,2,9,15,7,2,57,8,44,5,2,44,4,9,3,10,2,40,2,5,7,31,2,44,4,12,5,4,21,6,2,17,6,2,12,17,33,3,4,4,50,52,10,4,11,83,14,60,10,2,21,24,6,7,3,13,2,42,4,11,2,25,2,124,23,5,3,11,9,33,2,4,2,5,12,2,3,6,5,2,10,7,59,2,3,67,3,2,17,158,49,8,118,2,2,74,6,53,11,88,4,8,19,6,2,6,3,18,15,9,9,14,139,29,2,7,2,16,14,68,15,2,134,112,15,40,5,2,7,18,12,63,19,9,22,106,33,19,3,33,7,11,45,44,16,14,6,14,35,2,25,68,19,16,85,13,32,15,6,21,6,6,149,137,12,30,172,16,23,14,22,5,7,3,20,4,25,4,2,20,38,5,2,4,11,135,49,26,67,78,15,5,31,39,3,8,24,54,33,7,28,11,2,20,3,2,80,15,4,28,25,19,16,2,4,5,2,4,2,3,2,8,3,2,4,9,5,3,3,28,16,2,32,64,19,2,4,11,2,15,29,5,2,2,3,35,17,34,7,17,16,56,15,8,58,16,35,5,26,6,2,9,12,52,35,11,28,33,7,39,12,3,21,62,24,32,6,40,318,95,76,7,2,4,2,5,10,20,7,3,15,2,11,3,4,3,4,20,30,17,19,7,4,7,3,17,12,3,6,11,39,5,4,34,7,8,3,8,2,25,10,19,18,12,11,4,6,2,2,10,2,13,3,19,3,22,81,8,14,6,16,24,3,89,3,70,2,2,7,2,2,6,3,2,3,3,52,3,3,89,13,25,9,64,26,2,13,24,2,3,83,4,5,45,11,2,2,31,62,9,15,20,3,16,22,9,14,11,43,6,146,65,13,7,8,13,25,14,37,15,3,7,2,7,6,6,82,34,146,264,4,2,11,7,6,2,2,9,23,20,18,6,164,14,211,73,172,19,38,131,48,14,25,94,11,13,89,8,185,2,13,40,16,59,8,5,2,5,6,15,27,5,13,3,24,4,3,41,4,11,2,62,47,16,6,2,23,9
0.008000	3,2,20,34,2,4,48,12,42,21,7,2,3,3,10,5,4,5,49,16,65,3,14,3,7,3,4,3,43,7,2,2,17,8,3,17,12,3,7,4,3,2,2,2,2,4,8,16,14,2,4,2,17,12,13,5,2,49,4,8,7,5,9,13,2,5,5,2,3,7,5,2,5,10,15,3,2,21,3,5,5,12,3,4,4,2,4,8,16,2,7,9,7,6,3,4,5,5,13,2,2,3,7,8,6,6,2,8,44,11,24,11,6,2,15,6,57,8,39,16,18,29,9,3,24,58,2,2,16,15,8,23,66,3,5,25,2,219,3,2,75,2,3,61,22,11,79,19,2,2,18,20,3,5,9,8,4,6,12,2,17,4,4,8,48,42,22,2,13,3,34,22,3,6,39,12,8,7,11,2,20,17,3,20,55,9,24,23,5,3,2,37,6,6,46,22,14,43,10,8,4,13,47,15,2,2,3,7,31,23,2,5,5,2,12,2,7,2,9,15,80,52,7,2,6,2,44,4,9,5,42,23,28,42,5,3,17,6,3,11,17,33,7,115,11,2,83,10,95,24,6,7,3,14,13,42,5,26,4,9,8,12,2,6,9,51,2,2,62,38,46,3,126,172,2,53,11,92,3,19,8,2,18,8,24,42,3,10,16,2,14,68,11,170,134,45,12,28,18,143,2,90,25,7,11,16,103,89,83,60,17,4,33,31,133,2,11,48,19,277,6,311,4,168,27,3,24,8,22,4,67,4,17,2,4,2,27,6,2,14,2,14,139,75,84,2,67,110,15,2,36,39,6,76,83,9,3,32,2,48,3,15,18,23,2,4,5,2,4,4,2,3,2,8,3,2,4,9,3,2,28,16,98,19,2,21,5,33,6,2,38,17,79,77,15,8,23,75,26,6,2,25,12,32,13,33,52,24,95,6,40,3,28,407,4,130,4,30,2,15,2,11,2,3,39,2,10,34,19,7,2,14,5,2,2,6,11,39,5,4,34,4,9,8,3,7,2,27,29,31,11,4,8,9,2,4,6,19,3,22,94,8,6,16,3,27,11,5,6,6,2,160,55,9,89,29,9,64,4,4,29,3,36,3,41,99,2,2,31,3,62,24,36,22,9,70,4,15,212,13,2,25,14,20,40,2,7,140,240,122,21,2,12,4,2,3,23,20,18,169,42,174,5,322,14,204,13,207,3,7,2,17,2,6,3,2,4,20,13,3,2,13,5,3,2,5,9,6,2,204,13,40,16,59,8,41,5,5,6,15,27,5,18,25,2,3,2,4,11,2,15,109,6,2,24,8,17
0.009000	3,2,51,28,2,2,18,2,48,88,9,3,3,12,4,3,14,43,7,2,2,17,25,2,3,23,2,5,5,3,2,8,16,4,3,2,17,12,13,5,49,2,2,5,8,3,7,9,3,16,5,5,3,7,5,2,3,5,10,15,3,2,21,5,6,5,9,2,10,8,20,4,6,9,6,6,3,9,2,4,14,7,2,3,8,6,6,5,10,2,44,6,24,2,15,6,57,8,39,29,3,34,37,62,2,15,8,23,66,2,221,11,2,4,66,30,7,2,61,2,9,20,11,2,3,5,21,17,4,38,17,38,4,25,2,19,14,13,3,56,32,3,6,44,51,6,8,7,23,17,3,20,4,66,49,47,3,4,64,14,4,55,16,47,15,2,2,5,3,8,2,12,2,7,2,24,52,6,11,46,32,5,42,23,28,23,3,3,12,7,17,32,33,7,115,96,93,10,36,14,5,17,42,33,30,12,2,20,2,62,38,2,2,72,111,3,10,68,41,170,134,28,7,4,18,145,146,127,25,16,121,89,83,33,5,108,6,60,114,365,6,521,49,24,2,9,2,6,208,22,3,4,79,17,2,83,5,44,5,11,8,34,23,242,12,121,156,2,5,87,9,62,2,48,6,8,4,26,3,110,15,24,2,4,4,4,2,3,2,3,8,3,2,4,9,2,119,30,29,79,2,77,23,75,25,44,46,93,321,51,128,4,219,4,32,27,63,3,15,2,11,3,2,30,41,26,14,3,9,4,2,8,11,2,2,39,5,6,4,34,7,8,27,29,31,4,11,10,17,5,8,9,13,6,52,22,4,46,3,148,3,18,4,2,54,55,2,2,14,9,212,4,29,3,41,11,117,36,3,31,6,70,4,150,59,13,50,9,7,2,52,168,542,149,23,20,18,42,11,13,2,896,4,2,7,5,7,3,2,2,4,2,2,5,7,4,3,2,2,3,5,17,2,3,2,4,2,34,2,13,6,5,2,3,6,2,204,59,53,8,5,42,6,16,18,2,19,24,2,32,3,4,2,13,45,6,2,40,12,17,55,34,82
0.010000	14,2,15,2,43,7,2,2,17,25,3,23,3,2,5,5,3,2,24,15,4,2,17,3,12,13,5,49,2,2,5,8,9,20,3,5,5,2,5,3,7,5,2,5,28,3,2,21,5,7,15,10,24,9,7,6,2,6,3,14,13,2,3,7,14,12,6,2,44,17,24,2,15,6,57,8,39,29,2,34,37,62,2,12,23,28,223,143,7,3,7,2,61,2,9,20,11,3,5,21,2,17,2,6,18,4,56,82,3,16,56,6,2,32,3,6,44,51,8,7,23,17,25,2,2,52,2,43,4,66,42,97,13,63,6,2,47,5,8,2,7,2,24,13,47,3,101,41,5,7,4,17,32,33,7,115,17,96,93,10,36,14,17,42,3,5,15,5,63,12,62,38,4,49,2,72,111,13,4,37,134,72,170,127,145,192,14,137,19,12,280,118,336,21,646,22,219,83,17,2,5,66,33,2,86,14,14,8,34,37,302,5,168,24,93,2,91,8,5,26,110,24,2,5,2,4,4,4,2,3,2,8,3,2,2,2,2,119,59,6,123,44,339,121,73,3,197,8,8,316,16,63,3,4,34,26,3,14,3,73,4,2,4,44,34,4,22,2,31,11,10,73,5,2,21,14,74,3,4,49,23,2,201,55,9,44,19,199,2,2,4,3,173,61,150,89,39,14,24,18,2,542,149,43,18,201,385,223,405,3,20,4,7,2,4,2,2,3,2,3,5,7,3,2,4,2,4,5,9,4,3,2,2,5,18,2,3,2,2,4,2,34,2,13,5,2,3,6,6,2,59,53,205,16,13,26,24,20,32,42,5,4,13,45,6,2,158,161,2,3,2,9,9,5,49,89,3,7,9,5,3
0.011000	14,4,5,5,3,2,24,15,17,6,12,13,3,54,5,3,8,40,5,5,2,5,5,3,4,2,7,28,2,21,5,6,6,5,3,10,10,21,23,12,6,9,6,7,13,2,4,14,7,2,3,15,6,13,10,57,2,21,8,75,29,34,37,62,2,12,23,2,28,223,143,7,7,2,61,2,40,21,3,25,2,6,18,4,56,82,3,6,132,2,51,15,12,23,17,27,66,27,54,159,2,13,50,2,8,2,15,9,10,80,101,6,2,101,14,32,51,199,36,14,17,42,5,2,15,77,2,62,38,2,72,111,13,37,6,134,72,145,192,6,151,13,280,415,336,3,21,646,4,51,125,204,115,27,25,2,17,72,14,14,8,34,104,302,7,196,46,5,76,2,59,102,19,52,2,4,4,4,5,2,3,2,8,3,2,2,2,119,123,21,44,8,8,1046,16,47,55,73,40,66,5,12,4,44,17,35,31,11,10,73,13,5,23,22,103,11,92,3,49,23,2,109,2,5,17,4,3,234,74,444,165,39,14,24,3,18,43,18,42,12,3,1691,2,9,2,2,6,9,2,3,2,3,2,7,3,2,4,2,5,10,4,3,2,4,2,5,18,2,3,2,4,2,34,13,8,3,5,2,3,6,4,3,205,128,13,42,22,24,20,32,5,15,122,6,2,7,2,233,5,4,19,3,95,61,3,5,3,2,15,2,43,2,9,17,25,3,23,2
0.012000	21,4,7,8,5,5,2,5,5,4,2,7,6,28,2,21,5,6,6,6,7,3,10,6,21,23,18,9,6,6,13,4,2,3,2,22,5,12,15,44,17,57,21,8,65,3,29,34,37,62,2,46,66,28,223,2,2,77,61,5,40,21,25,2,6,18,4,2,138,121,18,23,17,27,66,27,54,159,2,13,50,2,8,2,15,9,101,101,15,2,199,36,14,17,82,124,42,3,20,74,9,2,18,105,2,72,111,68,54,431,362,2,2,170,280,21,1075,4,28,320,66,52,2,32,96,8,62,104,302,110,30,5,131,2,5,188,102,19,39,52,2,4,7,4,4,9,2,5,3,2,8,3,2,2,2,119,5,451,730,32,32,47,55,3,115,66,7,5,4,44,59,8,73,42,13,23,6,133,5,3,49,153,80,3,4,3,150,323,39,3,14,142,42,61,3,2046,2,9,2,2,6,6,2,9,2,3,2,3,7,3,2,5,4,2,9,6,5,3,2,3,2,2,3,2,19,2,4,13,3,37,5,2,3,2,7,205,128,7,19,15,24,20,32,5,42,2,6,160,140,51,5,32,19,3,95,2,61,3,5,3,15,3,2,2,40,2,2,9,17,52,3,4,2,23,12,13,55
0.013000	21,4,28,2,21,5,7,15,10,21,23,18,6,6,10,10,4,23,7,8,11,12,7,6,52,17,57,21,8,65,99,3,46,66,2,28,223,2,77,61,5,40,6,46,56,3,104,121,18,27,66,27,54,199,13,50,2,2,8,2,33,101,101,15,14,252,206,2,43,3,20,76,149,2,268,29,170,256,2,170,280,582,336,4,555,320,66,52,14,2,102,193,84,27,171,24,250,2,163,3,9,3,64,168,39,2,4,8,22,4,2,2,2,5,3,2,8,3,2,2,2,119,1213,32,32,47,55,118,2,44,2,88,4,10,5,115,37,74,153,52,134,52,4,3,39,9,14,142,42,692,125,3,1764,2,9,5,5,5,3,2,6,6,3,2,9,2,3,2,3,6,2,10,5,9,7,4,2,3,2,2,7,19,2,3,4,13,3,37,5,2,3,205,128,15,2,19,24,20,32,5,8,11,140,200,5,42,32,26,5,5,54,98,3,12,3,15,2,40,5,2,2,9,2,57,2,23,55,2,5,27,5,5,2,5,5,4,9,5
0.014000	21,4,21,21,9,19,6,7,13,4,21,5,2,12,21,57,21,8,86,99,3,28,223,7,178,7,61,11,40,2,52,160,121,18,2,27,66,146,19,115,13,50,2,34,80,6,101,101,32,66,14,252,124,43,63,32,3,3,27,170,280,1008,336,21,802,4,155,2,320,2,124,3,96,10,239,27,140,53,2,279,2,105,26,123,64,23,39,2,4,2,8,4,4,2,5,2,4,8,3,2,9,2,2,119,1213,32,67,106,66,54,44,2,2,2,63,8,10,115,37,74,153,52,134,32,4,3,447,473,243,1139,67,204,3,248,5,2,9,9,5,3,2,6,3,2,6,9,2,3,2,3,10,7,2,10,9,5,11,2,3,2,2,7,19,6,13,3,3,37,5,2,3,205,128,15,19,44,2,2,19,52,140,148,40,32,26,5,98,3,42,66,4,19,40,5,2,2,9,18,2,2,57,2,23,27,56,13,40,5,5,7,2,2,5,4,28,2,15,32,13,3,10
0.015000	21,7,4,30,5,12,21,57,17,57,21,29,3,73,99,3,28,223,178,7,61,11,40,2,2,52,160,93,143,151,47,17,2,34,8,80,32,66,14,252,124,43,63,32,3,2,27,170,280,270,1346,153,551,3,218,105,2,207,19,8,164,3,26,10,239,7,348,9,46,268,3,62,35,168,25,2,4,8,2,4,4,2,5,2,4,8,3,2,2,32,2,119,1213,32,220,2,44,2,134,8,5,6,169,164,154,82,306,7,243,1139,655,2,9,458,2,32,5,3,2,3,7,2,9,2,3,3,2,3,10,7,2,10,9,11,2,3,13,2,2,7,19,6,13,3,37,5,2,42,3,333,13,36,3,2,44,2,19,52,2,140,148,37,32,5,69,7,101,23,2,2,45,2,9,18,2,57,2,14,2,23,4,27,56,5,5,9,2,16,28,2,6,2,32,13,3,4,10,10,37,6,19,10
0.016000	21,7,5,61,190,40,2,52,160,93,143,151,3,47,17,2,34,80,122,268,98,43,63,2,32,46,31,170,280,223,1346,4,706,320,8,207,19,3,198,10,239,5,396,2,327,2,72,172,25,2,4,8,22,4,2,6,2,2,4,9,3,2,2,2,119,1213,32,10,220,2,44,2,264,52,179,80,143,305,2,7,243,1139,655,458,2,32,5,43,2,5,3,2,3,7,2,9,6,6,10,3,7,2,10,9,11,2,5,2,7,19,13,13,3,43,5,333,13,36,2,5,27,42,49,9,126,5,256,81,101,23,2,45,2,2,9,7,2,57,2,14,2,23,27,2,56,21,10,2,16,28,2,6,32,13,4,3,4,10,10,16,9,19,6,7,31,2,7,12,26,57,17,26,117,99,3,252
0.017000	21,7,4,40,160,373,13,65,2,34,80,122,3,268,98,43,99,149,46,31,170,280,4,2,2122,320,2,326,3,96,10,239,24,402,8,2,302,8,59,64,141,2,4,8,22,2,4,5,3,2,4,9,3,2,2,3,2,119,1312,106,4,46,179,8,264,52,259,10,306,7,243,1139,655,458,2,32,2,5,43,2,5,3,6,3,3,2,9,6,6,10,3,2,7,2,10,9,11,2,5,2,7,13,19,16,5,38,5,333,13,36,11,13,2,10,49,9,126,5,256,81,101,23,45,2,2,9,7,2,57,3,24,17,23,27,43,56,21,10,2,16,28,2,6,32,16,4,10,10,20,9,19,6,7,31,7,12,2,26,24,76,8,117,99,3,178,258,86
0.018000	21,7,98,43,99,149,46,31,4,2572,320,117,3,323,3,98,10,239,192,379,54,108,128,2,122,95,2,4,8,22,4,5,3,2,8,4,9,3,2,3,6,3,119,1312,106,2,4,46,495,80,188,67,1586,3,1168,2,2,9,10,2,5,43,2,5,3,6,3,3,2,10,3,6,10,3,3,2,7,2,30,2,5,2,7,19,13,16,5,38,5,333,13,36,29,5,49,2,4,140,219,43,5,66,101,23,45,2,2,9,7,2,57,3,24,17,23,27,56,43,21,10,18,5,51,5,23,10,10,20,4,9,19,6,7,31,7,12,26,100,117,2,61,447,40,160,387,47,66,5,122,268
0.019000	21,7,83,188,4,2378,363,117,323,3,98,27,3,322,192,279,8,166,128,110,58,2,4,2,8,22,4,5,3,2,4,9,3,2,8,3,6,3,119,1312,106,137,50,495,80,2,44,71,67,1586,3,1105,2,9,2,10,2,5,43,2,5,3,6,3,3,2,10,3,6,10,3,3,2,7,2,30,2,5,2,7,19,13,16,5,38,5,333,13,36,29,5,140,2,219,54,32,81,101,23,45,2,9,7,2,2,57,3,24,17,23,27,56,21,10,5,51,5,24,6,16,10,10,20,9,19,43,6,7,31,7,57,55,29,151,61,447,2,40,160,387,47,66,5,98,390,99,149
0.020000	21,7,108,285,192,306,102,180,35,153,41,2,3,4,8,23,4,5,3,20,2,4,9,2,3,2,9,3,3,119,4,1467,185,576,8,958,1840,2,32,2,2,10,2,5,43,2,5,3,6,3,3,2,10,3,6,10,3,3,2,7,2,30,2,5,2,7,16,13,5,38,5,15,352,34,49,140,219,16,2,37,81,101,23,45,7,11,2,57,3,2,36,13,63,8,51,5,24,6,16,10,43,31,30,6,29,37,7,24,101,29,125,6,61,447,40,160,387,47,98,390,83,188,2,248,2376,44,210,207,135,14,230,3,68
0.021000	21,3,128,122,41,95,2,4,8,23,4,5,2,3,20,2,4,9,3,2,4,12,3,2,119,66,1472,118,576,2,2826,2,10,2,5,43,3,3,2,3,10,2,10,3,6,10,3,5,2,2,7,2,30,2,5,2,7,37,21,15,2,352,34,49,140,219,16,37,81,101,6,43,23,2,45,7,11,2,57,3,36,13,6,63,8,51,5,24,6,16,10,31,30,16,6,29,37,7,125,117,61,447,40,160,2,387,47,98,390,83,188,248,2376,44,210,15,207,135,8,278,10,268,27,144,54,579
0.022000	21,17,2,4,12,3,119,1555,50,44,646,2,2,2763,2,5,48,3,3,3,10,2,2,10,3,6,10,3,2,7,2,30,12,2,2,5,2,7,37,21,382,34,49,5,2,391,81,101,6,23,2,45,7,11,59,43,3,51,56,5,56,25,10,45,9,50,6,31,13,57,62,29,151,113,511,40,160,16,436,2,98,390,83,188,248,2376,369,117,3,323,10,340,192,446,102,180,41,72,2,2,4,11,23,5,3,20,2,4,9,3
0.023000	21,17,7,2,2514,2,2,5,48,3,3,3,10,2,2,10,7,7,10,7,2,2,30,12,2,2,5,2,7,37,21,34,49,5,391,402,2,6,185,2,45,7,11,59,3,51,56,43,24,62,16,10,31,30,6,35,12,64,6,100,117,113,511,40,160,436,2,300,1796,16,532,1009,117,439,10,340,192,446,12,284,3,41,95,2,4,11,23,5,3,20,6,2,3,2,9,4,12,3,119,1555,50,932
0.024000	21,2,2,5,48,3,3,3,10,2,10,2,7,7,10,7,2,2,30,12,2,5,2,2,7,37,21,34,49,5,391,402,6,4,185,2,45,7,11,59,3,51,56,24,16,62,16,10,31,30,6,35,12,64,100,47,117,113,511,40,160,436,2,300,1796,532,3,1009,117,439,10,340,54,746,41,229,2,2,4,11,23,20,8,6,9,5,3,119,17,1555,50,932,7,31,614,2,1885
0.025000	21,2,2,5,48,3,3,3,10,2,10,2,7,7,10,7,2,4,2,27,12,2,4,5,2,7,59,5,34,49,5,391,5,16,452,131,2,45,7,11,59,3,51,56,47,24,62,16,10,9,80,44,7,138,117,2,113,511,40,160,436,2,248,2647,857,3,3,538,192,695,72,319,41,2,23,15,20,2,8,8,7,5,3,119,1555,50,932,7,17,31,614,2,1885
0.026000	21,2,2,5,48,3,3,3,10,2,10,2,7,7,10,7,2,4,2,27,12,2,4,5,59,5,34,49,5,391,5,452,131,16,45,7,11,3,51,56,24,62,10,46,47,6,60,64,6,112,117,113,511,40,436,2,2,248,2647,857,3,538,192,695,2,266,17,72,212,2,41,2,4,67,23,4,20,4,8,9,8,7,5,3,1555,50,123,35,2,894,7,31,614,2,1885
0.027000	21,2,2,2,5,48,3,3,3,10,2,2,11,6,7,10,10,2,30,12,2,5,4,59,5,34,49,2,168,383,228,205,45,43,7,11,3,51,56,24,62,10,46,6,6,66,57,93,113,511,40,436,2,248,2647,16,857,3,538,192,695,2,266,215,212,2,2,41,2,4,67,23,4,20,8,9,8,17,7,5,3,1555,50,162,8,882,7,658,4,1840,2,32
0.028000	2,2,2,2,5,48,3,3,3,10,2,22,11,6,7,10,10,2,30,12,2,5,2,59,5,34,49,2,168,383,228,205,45,4,7,11,3,51,56,24,62,10,46,6,43,66,57,93,113,511,44,5,436,2,248,6,2647,117,1181,192,796,46,269,215,157,2,16,41,2,4,67,23,4,20,8,9,15,17,5,3,123,1640,31,1515,2,1885,4
0.029000	2,2,2,2,5,48,3,3,3,10,2,22,11,13,10,2,10,12,31,2,5,59,2,5,34,49,2,168,383,228,205,45,7,4,11,3,51,56,24,62,10,46,6,66,43,57,93,113,511,44,5,248,2647,117,1181,6,542,386,161,544,215,265,2,41,2,4,16,67,23,4,20,8,9,15,5,3,123,17,1640,31,1515,2,1885,4
0.030000	2,2,2,5,48,3,3,3,10,2,11,22,13,10,2,10,12,31,2,5,59,5,3,34,49,2,168,383,228,205,45,7,11,9,3,24,62,10,46,76,4,164,85,113,16,511,21,66,248,2647,117,1181,542,386,161,43,544,215,227,2,41,2,4,67,23,4,17,20,8,9,15,5,3,123,1640,31,1515,4,2,1885,2
0.031000	2,2,2,5,48,3,3,3,10,2,11,22,13,10,2,10,12,31,2,5,59,5,3,2,168,88,223,464,101,25,45,7,11,9,3,24,62,10,46,76,4,164,85,113,16,511,2,93,532,3105,542,942,161,544,215,43,219,2,41,2,4,67,23,4,20,8,17,9,15,5,3,123,1640,31,1515,2,2,4,1885,2
0.032000	2,2,2,5,48,3,3,3,10,2,11,22,10,13,10,12,33,2,5,59,5,2,3,168,88,223,464,101,25,45,7,11,3,9,24,62,10,46,76,4,164,85,113,511,16,2,93,3752,542,826,161,544,215,219,2,43,41,2,4,67,23,4,20,8,9,15,17,5,3,123,1640,31,1515,2,2,1885,4,2
0.033000	2,2,2,3,3,3,10,2,11,10,13,22,53,2,10,12,31,2,5,59,5,2,3,168,88,223,464,101,25,45,36,3,24,9,62,10,46,103,7,164,55,2,93,3752,16,542,826,161,544,636,184,41,238,2,2,43,4,67,4,4,20,8,9,15,5,21,17,7,123,1640,2,2,3407,4,2
0.034000	2,2,2,3,3,2,11,19,7,10,2,22,10,53,30,12,2,5,59,5,2,168,3,383,311,207,45,36,3,24,62,10,46,9,103,7,164,55,117,4076,542,386,95,767,16,215,781,2,41,2,4,67,4,4,20,43,8,9,15,5,21,7,123,1640,2,2,17,3407,4,2
0.035000	2,3,3,3,10,15,6,10,7,53,2,22,10,12,31,2,5,59,5,2,168,383,16,311,207,45,3,24,62,10,46,103,7,55,164,55,117,4076,542,386,95,767,215,781,17,2,41,2,4,71,41,20,8,9,15,4,5,21,7,123,1640,2,2,3407,2,2,2
0.036000	2,3,3,3,10,15,6,10,7,53,2,22,13,12,28,2,5,2,168,383,311,64,16,205,2,45,3,102,10,120,13,164,62,55,117,4076,192,1234,95,269,215,781,2,41,17,2,4,71,41,20,8,9,15,21,7,4,123,1640,4,6,3407,2,2,2
0.037000	2,3,3,3,10,15,6,10,7,53,2,22,10,20,12,12,2,5,2,168,383,311,16,64,205,49,9,3,102,10,133,7,245,55,117,117,4076,161,1472,102,175,2,774,2,17,4,71,30,20,8,9,16,5,21,7,4,123,1640,4,3407,2,2,2
0.038000	2,3,3,3,10,15,6,10,7,53,2,22,10,20,12,12,2,5,2,168,775,101,16,64,23,49,9,3,102,10,133,7,399,55,34,3,4291,161,1371,636,279,2,65,2,17,4,71,30,20,8,9,16,5,21,7,4,123,1640,4,3407,2,2,2
0.039000	2,3,3,3,10,15,6,10,7,53,2,22,10,20,12,12,2,5,2,168,775,101,16,64,23,49,9,3,10,132,110,5,394,55,34,3,4291,161,1371,636,279,2,65,2,17,4,71,30,20,8,9,16,5,21,7,4,2657,7,4,2506,2,2,2
0.040000	2,3,3,3,10,10,28,10,20,12,67,22,2,5,2,168,775,101,89,45,3,10,16,132,12,136,3,4291,161,1371,636,279,396,55,23,2,41,2,4,71,41,20,8,9,17,16,5,35,3278,4,1885,4,2,2,2
0.041000	16,3,3,10,10,28,10,20,12,67,2,55,5,88,393,64,588,4,10,132,12,136,24,3,4291,161,1371,636,279,396,23,41,2,2,4,71,88,20,8,9,16,5,35,3278,2,4,1885,21,2,2,3
0.042000	16,3,3,10,10,28,10,20,12,67,2,55,5,88,393,64,588,4,10,132,12,136,24,542,4579,95,767,396,781,41,2,88,75,2,20,8,9,16,5,35,3278,4,1885,2,21,2,2,3
0.043000	16,3,3,10,10,28,55,41,12,2,5,55,88,393,64,588,4,10,132,164,165,542,24,4579,95,767,1037,2,88,75,9,28,16,2,5,35,3278,1890,21,3,2,2,3
0.044000	16,3,3,10,10,28,55,41,12,2,5,55,88,393,64,588,5,10,132,164,165,542,24,4579,95,767,1037,2,88,75,9,28,16,2,5,35,3278,1890,21,3,2,2,3
0.045000	16,3,3,10,10,28,55,41,12,2,5,55,88,393,64,588,5,10,132,164,165,542,24,4579,95,767,1037,2,88,75,9,28,16,2,5,35,3278,1890,21,3,2,2,3
0.046000	16,3,3,10,10,28,55,41,12,2,5,55,88,393,64,588,10,132,164,165,542,4579,24,95,767,6,1037,2,88,75,9,28,16,2,5,35,3278,1890,21,3,2,2,3
0.047000	16,3,3,10,10,28,55,41,12,2,5,55,88,393,64,588,10,132,164,165,542,4579,24,95,767,6,1037,2,88,75,9,28,16,2,5,35,3278,1890,21,3,2,2,3
0.048000	16,3,3,10,10,28,55,41,12,2,5,55,88,393,64,588,10,132,164,165,542,4579,24,636,984,6,279,2,88,75,9,28,16,2,5,35,3278,1890,21,3,2,2,3
0.049000	16,3,14,10,26,55,41,12,2,5,88,55,393,64,588,10,132,164,165,542,4579,636,24,984,6,279,2,88,75,37,16,5,35,2,3278,1890,21,3,2,2,3
0.050000	16,3,14,10,26,55,41,12,88,393,64,55,588,9,192,542,4579,636,984,41,508,6,24,2,88,75,37,7,16,5,35,3278,1890,2,21,3,3,2,3
0.051000	16,3,15,2,10,24,55,41,12,88,393,55,64,588,6,202,161,5665,636,279,41,501,24,6,2,88,75,37,7,16,5,5198,5,2,21,3,3,2,3
0.052000	16,3,15,2,10,24,55,41,12,88,393,55,64,588,6,202,161,5665,636,279,41,501,24,6,2,88,75,37,7,16,5,5198,5,2,21,3,3,2,3
0.053000	24,17,53,35,12,42,88,393,64,588,6,71,202,161,5665,636,279,6,542,2,88,75,2,37,7,21,5198,5,21,3,3,2,3,3
0.054000	24,23,65,41,12,88,393,64,588,6,208,71,161,5665,472,938,6,41,2,88,75,37,2,7,21,5198,5,21,3,3,2,17,6
0.055000	24,23,65,41,12,383,481,271,45,6,208,71,161,5665,472,938,6,41,2,41,75,37,2,7,21,5198,5,21,3,3,2,17,6
0.056000	24,23,65,41,12,383,481,271,45,6,208,71,95,5888,472,781,6,41,2,41,75,37,2,7,22,5203,21,3,3,2,17,6
0.057000	24,23,65,41,12,945,101,89,45,218,4,71,95,5888,6,1286,2,41,75,37,7,22,2,5203,21,3,3,2,17,6
0.058000	24,23,65,41,12,945,101,89,45,218,4,71,95,5888,6,1286,2,41,75,37,7,22,2,5203,21,3,3,2,17,6
0.059000	24,6,7,65,41,12,945,101,89,45,232,71,13,95,5888,6,1263,2,41,75,37,7,2,22,5203,21,3,3,2,15,19
0.060000	95,65,41,12,945,101,136,9,245,7,95,2,5888,6,1256,2,30,75,37,7,22,5203,24,3,2,15,19,6,7
0.061000	95,65,41,12,64,1069,245,7,95,5888,6,2,1256,2,88,75,7,38,22,5203,24,3,2,15,19,6,7
0.062000	95,65,41,12,64,1069,245,7,95,5888,6,2,1256,2,88,75,7,38,22,5203,24,3,2,15,19,6,7
0.063000	95,65,41,12,64,1069,245,7,95,5888,6,2,1256,2,88,75,7,38,22,5203,24,3,2,15,19,6,7
0.064000	95,12,107,64,1069,252,5,95,5888,6,1251,2,2,88,75,7,38,22,5203,24,3,2,15,19,6,7
0.065000	95,12,107,64,1069,252,5,95,5888,6,1251,2,2,88,75,7,38,22,5203,24,3,2,15,19,6,7
0.066000	95,12,107,64,1069,252,5,636,6105,6,493,2,2,88,75,7,38,22,5203,24,3,2,15,19,6,7
0.067000	95,12,97,64,1069,12,278,636,6105,6,460,2,2,88,75,7,38,22,5203,24,3,2,15,19,10,13
0.068000	95,12,42,64,1069,12,278,636,6105,6,460,2,2,88,75,7,38,22,5203,24,3,2,15,19,53,25
0.069000	95,12,42,64,1069,12,278,396,6764,6,41,2,2,88,75,7,38,22,5203,24,3,2,15,19,53,25
0.070000	95,12,42,64,1069,164,307,215,6764,6,41,2,2,88,75,7,38,22,5203,24,3,2,15,19,53,25
0.071000	95,12,42,64,1069,164,307,215,6764,6,41,2,2,88,75,7,38,22,5203,24,3,2,34,7,53,18
0.072000	95,64,1069,164,307,215,6764,47,67,2,20,2,104,7,10,22,5203,24,3,2,6,41,12,107
0.073000	95,64,1069,164,307,6,7020,2,88,75,7,2,38,22,5203,3,24,3,2,6,41,12,107
0.074000	95,64,1069,164,307,6,7020,2,88,75,7,2,38,22,5203,3,24,3,2,6,41,12,107
0.075000	95,64,1069,164,307,6,7020,2,88,75,7,2,38,22,5203,3,24,3,2,6,41,12,107
0.076000	95,64,1069,164,307,6,7020,2,88,75,7,2,38,22,5203,3,24,3,2,6,41,12,107
0.077000	95,64,1069,164,307,6,7020,67,3,20,104,2,7,10,22,5203,3,24,3,2,6,41,12,107
0.078000	95,64,1069,164,307,6,7020,67,3,20,104,2,7,10,22,5203,3,24,3,2,6,41,12,107
0.079000	95,64,1069,164,307,6,7020,67,3,20,104,2,7,10,22,5203,3,24,3,2,6,41,12,107
0.080000	95,64,1069,164,307,6,7020,67,3,20,104,2,7,10,22,5203,3,24,3,2,6,41,12,107
0.081000	95,64,1069,164,307,6,7020,67,3,20,104,2,7,10,22,5203,3,24,3,2,6,41,12,107
0.082000	95,64,1069,164,307,6,7020,67,3,20,104,2,7,10,22,5203,3,24,3,2,6,41,12,107
0.083000	95,64,1069,164,307,6,7020,67,3,20,104,2,7,10,22,5203,3,24,3,2,6,41,12,107
0.084000	95,1135,45,164,307,6,7020,67,3,9,77,2,7,22,5203,3,24,3,2,6,41,12,107
0.085000	95,1135,45,164,307,6,7020,67,3,9,77,2,7,22,5203,3,24,3,2,6,41,12,107
0.086000	95,1135,45,164,307,6,7020,67,3,9,77,2,7,22,5203,3,24,3,2,6,41,12,107
0.087000	95,1135,45,686,6764,2,48,153,7,22,5203,2,3,24,3,2,6,41,12,107
0.088000	95,1135,45,686,6764,2,48,153,7,22,5203,2,3,24,3,2,6,41,12,107
0.089000	95,1135,45,686,6764,2,48,153,7,22,5203,2,3,24,3,2,6,41,12,107
0.090000	95,1135,45,686,6764,2,48,153,7,22,5203,2,3,24,3,2,6,41,12,107
0.091000	95,1135,45,686,6764,2,48,153,7,22,5203,2,3,24,3,2,6,41,12,107
0.092000	95,1135,45,686,6764,2,48,153,7,22,5203,2,3,24,3,2,6,41,12,107
0.093000	95,1135,45,686,6764,2,48,153,7,22,5203,2,3,24,3,2,6,41,12,107
0.094000	24,45,686,6764,2,48,153,7,22,5203,3,3,2,6,41,12,107,97,1135
0.095000	24,45,686,6764,2,48,153,7,22,5203,3,3,2,6,41,12,107,97,1135
0.096000	24,45,686,6764,2,48,153,7,22,5203,3,3,2,6,41,12,107,97,1135
0.097000	24,45,686,6764,2,48,153,7,22,5203,3,3,2,6,41,12,107,97,1135
0.098000	24,9,686,6764,2,48,7,143,22,5203,3,3,2,6,41,12,107,97,1182
0.099000	24,9,686,6764,2,48,7,143,3,5225,3,2,6,41,12,107,97,1182
0.100000	24,6764,2,48,7,143,3,5225,112,41,6,13,97,1182,9,686
0.101000	24,48,1221,75,7,38,3,5225,112,41,6,13,97,686,6764,2
0.102000	24,48,1221,75,7,38,3,5225,112,41,6,13,97,686,6764,2
0.103000	24,1221,75,7,38,97,3,5225,112,41,6,13,686,6764,2,48
0.104000	24,75,7,38,97,3,5225,12,154,6,686,6764,2,48,1221
0.105000	24,75,7,38,97,3,5225,12,154,6,686,6764,2,48,1221
0.106000	24,75,7,38,97,3,5225,12,154,6,686,6764,2,48,1221
0.107000	24,1221,75,7,38,3,5225,12,154,97,6,686,6764,2,48
0.108000	24,1221,75,7,38,3,5225,12,154,97,6,686,6764,2,48
0.109000	24,1221,75,7,38,3,5225,12,154,97,6,686,6764,2,48
0.110000	24,1221,75,7,38,3,5225,12,154,97,6,686,6764,2,48
0.111000	24,1221,75,7,38,3,5225,12,154,97,6,686,6764,2,48
0.112000	24,1221,75,7,38,3,5225,12,154,97,6,686,6764,2,48
0.113000	24,1221,75,7,38,3,5225,12,154,97,6,686,6764,2,48
0.114000	24,1221,75,7,38,3,5225,12,154,97,6,686,6764,2,48
0.115000	24,1221,75,7,38,3,5225,12,154,97,6,686,6764,2,48
0.116000	24,1221,75,7,38,3,5225,12,154,97,6,686,6764,2,48
0.117000	24,1221,75,7,38,3,5225,12,154,97,6,686,6764,2,48
0.118000	24,1221,75,7,38,3,5225,12,154,97,6,686,6764,2,48
0.119000	24,1221,75,7,38,3,5225,12,154,97,6,686,6764,2,48
0.120000	24,1221,75,7,38,3,5225,12,154,97,6,686,6764,2,48
0.121000	24,1221,75,7,38,3,5225,12,154,97,6,686,6764,2,48
0.122000	24,1221,75,7,38,3,5225,12,154,97,6,686,6764,2,48
0.123000	24,1221,75,7,38,3,5225,12,154,97,6,686,6764,2,48
0.124000	24,1221,75,7,38,3,5225,12,154,97,6,686,6764,2,48
0.125000	24,1221,75,7,38,3,5225,12,154,97,6,686,6764,2,48
0.126000	97,8,7,38,6,3,5225,25,12,154,686,6764,67,50,1221
0.127000	97,8,7,38,6,3,5225,25,12,154,686,6764,67,50,1221
0.128000	97,8,7,38,6,3,5225,25,12,154,686,6764,67,50,1221
0.129000	97,1237,7,10,6,3,5225,25,12,154,686,6764,67,50,20
0.130000	97,38,6,3,5225,25,12,154,6,7491,1221,78,7
0.131000	97,38,6,3,5225,25,12,154,6,7491,1221,78,7
0.132000	97,38,6,3,5225,25,12,154,6,7491,1221,78,7
0.133000	97,38,6,3,5225,25,12,154,6,7491,1221,78,7
0.134000	97,38,6,3,5225,25,12,154,6,7491,1221,78,7
0.135000	97,38,6,3,5225,25,12,154,6,7491,1221,78,7
0.136000	97,38,6,3,5225,25,12,154,2,7498,1221,75,7
0.137000	97,38,6,3,5225,25,12,154,2,7498,1221,75,7
0.138000	97,38,6,5228,25,12,154,2,7498,1221,75,7
0.139000	97,38,6,5228,25,12,154,2,7498,1221,75,7
0.140000	97,38,5228,25,6,166,2,7498,1221,75,7
0.141000	97,38,5228,25,6,166,2,7498,1221,75,7
0.142000	97,38,5228,25,6,166,2,7498,1221,75,7
0.143000	97,38,5228,25,6,166,2,7498,1221,75,7
0.144000	97,10,5228,25,6,166,2,7498,20,1304,7
0.145000	97,5228,25,6,166,2,7498,9,1324,8
0.146000	97,5228,25,6,166,2,7498,9,1324,8
0.147000	97,5228,25,6,166,2,7498,9,1324,8
0.148000	97,5228,25,6,166,2,7498,9,1324,8
0.149000	97,5228,25,6,166,2,7498,9,1324,8
0.150000	97,5228,25,6,166,2,7498,9,1324,8
0.151000	97,25,6,166,2,7498,1333,7,5228
0.152000	97,25,6,166,2,7498,1333,7,5228
0.153000	97,25,6,166,2,7498,1333,7,5228
0.154000	97,25,6,166,2,7498,1333,7,5228
0.155000	97,25,6,166,2,7498,1333,7,5228
0.156000	97,25,6,166,2,7498,1333,7,5228
0.157000	97,25,6,166,67,7500,1266,7,5228
0.158000	97,25,6,166,67,7500,1266,7,5228
0.159000	97,25,6,166,67,7500,1266,7,5228
0.160000	97,25,6,166,67,7500,1266,7,5228
0.161000	97,25,6,166,67,7500,1266,7,5228
0.162000	97,25,6,166,67,7500,1266,7,5228
0.163000	6,166,67,7500,7,1267,122,5228
0.164000	6,166,67,7500,7,1267,122,5228
0.165000	6,166,67,7500,7,1267,122,5228
0.166000	6,166,67,7500,7,1267,122,5228
0.167000	6,166,67,7500,7,1267,122,5228
0.168000	6,166,67,7500,7,1267,122,5228
0.169000	6,166,67,7500,7,1267,122,5228
0.170000	6,166,1221,7575,122,45,5228
0.171000	6,166,1221,7575,122,45,5228
0.172000	6,166,1221,7575,122,45,5228
0.173000	6,166,1221,7575,122,45,5228
0.174000	6,166,1221,7575,122,45,5228
0.175000	6,166,1221,7575,122,45,5228
0.176000	6,166,1221,7575,122,45,5228
0.177000	6,166,1221,7575,122,45,5228
0.178000	6,166,1221,7575,122,45,5228
0.179000	6,166,1221,7575,122,45,5228
0.180000	6,166,1221,7575,122,45,5228
0.181000	6,166,1221,7575,122,45,5228
0.182000	6,166,1221,7575,122,45,5228
0.183000	6,166,1221,7575,122,45,5228
0.184000	6,166,1221,7575,122,45,5228
0.185000	6,166,1221,7575,122,45,5228
0.186000	6,166,1221,7575,122,45,5228
0.187000	6,166,1221,7575,122,45,5228
0.188000	6,166,1221,7575,122,45,5228
0.189000	6,166,1221,7575,122,45,5228
0.190000	6,166,1221,7575,122,45,5228
0.191000	6,166,1221,7575,122,45,5228
0.192000	6,166,1221,7575,122,45,5228
0.193000	6,166,1221,7575,122,45,5228
0.194000	6,166,1221,7575,122,45,5228
0.195000	6,166,1221,7575,122,45,5228
0.196000	6,166,1221,7575,122,45,5228
0.197000	6,166,1221,7575,122,45,5228
0.198000	6,166,1221,7575,122,45,5228
0.199000	122,172,1221,7575,45,5228
0.200000	122,172,1221,7575,45,5228
0.201000	122,172,1221,7575,45,5228
0.202000	122,172,1221,7575,45,5228
0.203000	122,172,1221,7575,45,5228
0.204000	122,172,1221,7575,45,5228
0.205000	122,172,1221,7575,5273
0.206000	122,172,1221,7575,5273
0.207000	122,172,1221,7575,5273
0.208000	122,172,1221,7575,5273
0.209000	122,172,1221,7575,5273
0.210000	122,172,1221,7575,5273
0.211000	122,172,1221,7575,5273
0.212000	122,172,1221,7575,5273
0.213000	122,172,1221,7575,5273
0.214000	122,172,1221,7575,5273
0.215000	122,172,1221,7575,5273
0.216000	122,172,1221,7575,5273
0.217000	122,172,1221,7575,5273
0.218000	122,172,1221,7575,5273
0.219000	122,172,1221,7575,5273
0.220000	122,172,1221,7575,5273
0.221000	122,172,1221,7575,5273
0.222000	122,172,1221,7575,5273
0.223000	122,172,1221,7575,5273
0.224000	1221,7575,294,45,5228
0.225000	1221,7575,294,45,5228
0.226000	1221,7575,294,45,5228
0.227000	1221,7575,294,45,5228
0.228000	1221,7575,294,45,5228
0.229000	1221,7575,294,45,5228
0.230000	1221,7575,294,45,5228
0.231000	1221,7575,294,45,5228
0.232000	1221,7575,294,45,5228
0.233000	1221,7575,294,45,5228
0.234000	1221,7575,294,45,5228
0.235000	1221,7575,294,45,5228
0.236000	1221,7575,294,45,5228
0.237000	1221,7575,294,45,5228
0.238000	1221,7575,294,45,5228
0.239000	1221,7575,294,45,5228
0.240000	1221,7575,294,45,5228
0.241000	1221,7575,294,45,5228
0.242000	1221,7575,294,45,5228
0.243000	1221,7575,294,45,5228
0.244000	1221,7575,294,45,5228
0.245000	1221,7575,294,45,5228
0.246000	1221,7575,294,45,5228
0.247000	1221,7575,294,45,5228
0.248000	1221,7575,294,45,5228
0.249000	1221,7575,294,45,5228
0.250000	1221,7575,294,45,5228
0.251000	1221,7575,294,45,5228
0.252000	1221,7575,294,45,5228
0.253000	1221,7575,294,45,5228
0.254000	1221,7575,294,45,5228
0.255000	1221,7575,294,45,5228
0.256000	1221,7575,294,45,5228
0.257000	1221,7575,294,45,5228
0.258000	1221,7575,294,45,5228
0.259000	1221,7575,5567
0.260000	1221,7575,5567
0.261000	1221,7575,5567
0.262000	1221,7575,5567
0.263000	1221,7575,5567
0.264000	1221,7575,5567
0.265000	1221,7575,5567
0.266000	1221,7575,5567
0.267000	1221,7575,5567
0.268000	1221,7575,5567
0.269000	7,8834,5522
0.270000	7,8834,5522
0.271000	7,8834,5522
0.272000	7,8834,5522
0.273000	7,8834,5522
0.274000	7,8834,5522
0.275000	7,8834,5522
0.276000	7,8834,5522
0.277000	7,8834,5522
0.278000	7,8834,5522
0.279000	7,8834,5522
0.280000	7,8834,5522
0.281000	7,8834,5522
0.282000	7,8834,5522
0.283000	7,8834,5522
0.284000	7,8834,5522
0.285000	7,8834,5522
0.286000	7,8834,5522
0.287000	7,8834,5522
0.288000	7,8834,5522
0.289000	7,8834,5522
0.290000	7,8834,5522
0.291000	7,8834,5522
0.292000	7,8834,5522
0.293000	7,8834,5522
0.294000	7,8834,5522
0.295000	7,8834,5522
0.296000	7,8834,5522
0.297000	7,8834,5522
0.298000	7,8834,5522
0.299000	7,8834,5522
0.300000	7,8834,5522
0.301000	7,8834,5522
0.302000	7,8834,5522
0.303000	7,8834,5522
0.304000	7,8834,5522
0.305000	7,8834,5522
0.306000	7,8834,5522
0.307000	7,8834,5522
0.308000	7,8834,5522
0.309000	7,8834,5522
0.310000	7,8834,5522
0.311000	7,8834,5522
0.312000	7,8834,5522
0.313000	7,8834,5522
0.314000	7,8834,5522
0.315000	7,8834,5522
0.316000	7,8834,5522
0.317000	7,8834,5522
0.318000	7,8834,5522
0.319000	7,8834,5522
0.320000	294,8841,5228
0.321000	294,8841,5228
0.322000	294,8841,5228
0.323000	294,8841,5228
0.324000	294,8841,5228
0.325000	294,8841,5228
0.326000	294,8841,5228
0.327000	294,8841,5228
0.328000	294,8841,5228
0.329000	294,8841,5228
0.330000	294,8841,5228
0.331000	294,8841,5228
0.332000	294,8841,5228
0.333000	294,8841,5228
0.334000	294,8841,5228
0.335000	294,8841,5228
0.336000	294,8841,5228
0.337000	294,8841,5228
0.338000	294,8841,5228
0.339000	294,8841,5228
0.340000	294,8841,5228
0.341000	294,8841,5228
0.342000	294,8841,5228
0.343000	294,8841,5228
0.344000	294,8841,5228
0.345000	294,8841,5228
0.346000	294,8841,5228
0.347000	294,8841,5228
0.348000	294,8841,5228
0.349000	294,8841,5228
0.350000	294,8841,5228
0.351000	294,8841,5228
0.352000	294,8841,5228
0.353000	294,8841,5228
0.354000	294,8841,5228
0.355000	294,8841,5228
0.356000	294,8841,5228
0.357000	294,8841,5228
0.358000	294,8841,5228
0.359000	294,8841,5228
0.360000	294,8841,5228
0.361000	294,8841,5228
0.362000	294,8841,5228
0.363000	294,8841,5228
0.364000	294,8841,5228
0.365000	294,8841,5228
0.366000	294,8841,5228
0.367000	294,8841,5228
0.368000	294,8841,5228
0.369000	294,8841,5228
0.370000	294,8841,5228
0.371000	294,8841,5228
0.372000	294,8841,5228
0.373000	294,8841,5228
0.374000	294,8841,5228
0.375000	294,8841,5228
0.376000	294,8841,5228
0.377000	294,8841,5228
0.378000	294,8841,5228
0.379000	294,8841,5228
0.380000	294,8841,5228
0.381000	294,8841,5228
0.382000	294,8841,5228
0.383000	294,8841,5228
0.384000	294,8841,5228
0.385000	294,8841,5228
0.386000	294,8841,5228
0.387000	294,8841,5228
0.388000	294,8841,5228
0.389000	14363
0.390000	14363
0.391000	14363
0.392000	14363
0.393000	14363
0.394000	14363
0.395000	14363
0.396000	14363
0.397000	14363
0.398000	14363
0.399000	14363
0.400000	14363
0.401000	14363
0.402000	14363
0.403000	14363
0.404000	14363
0.405000	14363
0.406000	14363
0.407000	14363
0.408000	14363
0.409000	14363
0.410000	14363
0.411000	14363
0.412000	14363
0.413000	14363
0.414000	14363
0.415000	14363
0.416000	14363
0.417000	14363
0.418000	14363
0.419000	14363
0.420000	14363
0.421000	14363
0.422000	14363
0.423000	14363
0.424000	14363
0.425000	14363
0.426000	14363
0.427000	14363
0.428000	14363
0.429000	14363
0.430000	14363
0.431000	14363
0.432000	14363
0.433000	14363
0.434000	14363
0.435000	14363
0.436000	14363
0.437000	14363
0.438000	14363
0.439000	14363
0.440000	14363
0.441000	14363
0.442000	14363
0.443000	14363
0.444000	14363
0.445000	14363
0.446000	14363
0.447000	14363
0.448000	14363
0.449000	14363
0.450000	14363
0.451000	14363
0.452000	14363
0.453000	14363
0.454000	14363
0.455000	14363
0.456000	14363
0.457000	14363
0.458000	14363
0.459000	14363
0.460000	14363
0.461000	14363
0.462000	14363
0.463000	14363
0.464000	14363
0.465000	14363
0.466000	14363
0.467000	14363
0.468000	14363
0.469000	14363
0.470000	14363
0.471000	14363
0.472000	14363
0.473000	14363
0.474000	14363
0.475000	14363
0.476000	14363
0.477000	14363
0.478000	14363
0.479000	14363
0.480000	14363
0.481000	14363
0.482000	14363
0.483000	14363
0.484000	14363
0.485000	14363
0.486000	14363
0.487000	14363
0.488000	14363
0.489000	14363
0.490000	14363
0.491000	14363
0.492000	14363
0.493000	14363
0.494000	14363
0.495000	14363
0.496000	14363
0.497000	14363
0.498000	14363
0.499000	14363
0.500000	14363
