0.000000	2
0.001000	2,2
0.002000	2,2,2
0.004000	2,2,2,2,2
0.005000	2,2,2,2,2,2,2
0.006000	2,2,2,2,2,2,2,2,2
0.007000	2,2,2,2,2,2,2,2,2,2,2
0.008000	2,3,2,2,2,2,2,2,2,2,2,2,2
0.009000	2,2,2,2,2,3,2,2,2,2,2,2,2,2,2,2,2
0.010000	2,2,2,2,2,2,2,2,3,2,2,2,2,2,2,2,2,2,2,2,2
0.011000	2,2,2,2,2,2,2,2,2,3,2,2,2,2,2,2,2,2,2,2,2,2,2
0.012000	2,2,2,2,2,2,2,2,2,2,2,2,3,2,2,2,2,2,2,2,2,2,2,2,2,2,2
0.013000	2,2,2,2,2,2,2,2,2,2,2,2,2,3,2,2,2,2,2,2,2,2,2,2,2,2,2,2,2,2,2
0.014000	2,2,2,2,2,2,2,2,2,2,2,2,2,2,2,3,2,2,2,2,2,2,2,2,2,2,2,2,2,2,2,2,2,2,2,2
0.015000	2,2,2,2,2,2,2,2,2,3,2,2,2,2,2,2,2,4,2,2,2,2,2,2,2,2,2,2,2,2,2,2,2,2,2,2,2,2,2,2
0.016000	2,2,2,2,2,2,2,2,2,2,2,2,3,2,2,2,2,2,2,5,2,2,2,2,2,2,2,2,2,2,2,2,2,2,2,2,2,2,2,2,2,2,2,2,2,2
0.017000	2,2,2,2,2,2,2,2,2,2,2,2,3,2,2,2,2,2,2,2,2,2,2,2,2,5,2,2,2,2,2,2,2,2,2,2,2,2,2,2,2,2,2,2,2,2,2,3,2,2,2,2,2,2,2
0.018000	2,2,2,2,2,2,2,2,2,2,2,2,2,3,2,2,2,2,2,2,2,2,2,2,2,2,2,2,2,2,2,5,2,2,2,2,2,2,2,2,2,2,2,2,2,2,2,2,2,2,2,2,2,2,2,2,2,3,2,2,2,2,2,2
0.019000	2,2,2,2,2,2,2,2,2,2,2,2,2,2,3,4,2,2,2,3,2,2,2,2,2,2,2,2,2,2,2,2,2,2,2,2,5,2,2,2,2,2,2,2,2,2,2,2,2,2,2,2,2,3,2,2,2,2,2,2,2,3,2,2,2,2,2,3,2,2,2,2,2
0.020000	2,2,2,2,2,2,2,2,2,2,2,2,2,2,2,3,4,2,2,2,2,2,2,2,2,3,2,2,2,2,2,2,2,2,2,2,2,2,2,2,2,2,2,5,2,2,2,2,2,2,2,2,2,2,2,2,2,2,2,2,2,2,3,2,2,2,2,2,2,2,2,2,2,2,2,3,2,2,2,2,2,2,2,2,2,3,2,2,2,2,2,2
0.021000	2,2,2,2,2,2,2,3,2,2,2,2,2,2,2,2,2,2,2,2,2,2,2,2,2,2,2,3,4,2,2,2,2,2,2,2,2,4,2,3,2,2,2,2,2,2,2,2,2,2,2,2,2,2,2,2,2,2,2,2,2,2,5,2,3,2,2,2,2,2,2,2,2,2,2,2,2,2,2,2,2,2,2,2,2,2,2,2,2,3,2,2,2,2,2,2,2,2,2,2,2,2,2,2,2,3,2,3,2,2
0.022000	2,2,2,2,2,2,2,2,2,2,2,3,2,2,3,2,2,2,2,2,2,2,2,2,2,3,2,2,2,2,2,2,2,2,2,2,2,2,2,2,2,2,2,2,3,4,2,2,2,2,2,2,2,2,2,2,2,2,4,2,2,2,2,2,2,2,2,2,2,2,2,2,2,2,2,2,2,2,2,2,2,2,2,2,2,2,2,2,5,3,2,2,3,2,2,2,2,2,2,2,2,2,2,2,2,2,2,2,2,2,2,2,2,2,2,2,2,3,2,2,2,2,2,2,2,2
0.023000	2,2,2,2,2,2,2,2,3,2,2,2,2,2,2,2,2,2,2,2,2,2,2,2,2,2,2,2,2,2,3,3,3,2,2,2,2,2,2,2,2,3,2,2,2,2,2,3,2,2,2,2,2,2,2,2,2,2,2,2,2,2,2,2,2,2,2,2,2,2,3,4,2,2,2,2,2,2,2,2,2,2,2,2,2,2,2,3,5,2,2,2,2,2,2,2,3,2,2,2,2,2,2,3,2,2,2,2,2,2,2,2,2,2,2,2,2,2,2,2,2,2,2,2,5,3,2,2,2,3,2,2,2,2,2,2,2,2,2,2,2,2,2,2,2,2,2,2,2,2,2,2
0.024000	2,2,2,2,2,2,3,2,2,2,2,2,2,2,2,2,3,3,2,2,2,2,2,2,2,2,2,2,2,2,2,2,2,2,2,2,2,2,3,3,3,2,2,2,2,2,2,2,2,3,2,2,2,2,3,2,2,2,2,2,2,2,2,2,2,3,2,2,2,2,2,2,2,2,2,2,3,4,2,2,2,2,2,2,2,2,2,2,2,2,2,2,2,2,2,2,3,5,2,2,2,2,2,2,2,3,2,2,2,2,2,3,2,2,2,3,3,2,2,2,2,2,2,2,2,2,4,2,2,2,2,5,2,3,2,2,2,2,2,2,3,2,2,2,2,3,2,2,2,2,2,2,2,2,2,2,2,2
0.025000	2,2,3,2,2,2,2,2,2,2,2,3,2,3,2,3,2,3,2,2,2,2,2,2,3,2,2,3,2,2,2,2,2,3,2,3,2,2,2,2,3,2,2,2,2,2,2,2,2,2,2,2,2,2,2,3,2,6,2,2,2,2,2,2,2,4,2,2,2,2,2,2,3,2,2,2,2,3,2,2,2,2,2,3,2,2,2,2,2,2,2,2,2,2,2,2,2,2,3,4,2,2,2,2,2,2,2,2,2,2,2,2,2,2,2,2,2,3,5,2,2,2,2,3,4,2,2,3,3,2,2,2,2,2,2,2,3,2,2,3,3,2,3,2,2,2,2,2,2,2,2,2,2,4,2,2,2,2,2,2,5,2,3,2,3,2,2,2,4,3,2,2,2,2
0.026000	2,2,2,2,2,2,4,3,2,2,2,2,2,2,3,2,2,2,2,2,2,2,2,2,2,2,3,3,2,2,2,4,3,2,2,2,2,2,2,3,2,2,3,4,2,2,2,3,2,2,3,2,2,2,2,3,2,2,2,2,2,2,2,2,2,2,2,2,2,2,2,2,2,3,2,6,2,3,2,2,2,2,2,2,4,2,2,2,2,2,2,2,2,3,2,2,2,2,3,2,2,2,2,2,3,2,2,2,2,2,2,2,2,2,2,2,2,2,2,2,2,3,4,3,3,2,2,2,2,2,2,2,2,2,2,4,2,2,2,2,3,5,2,2,2,2,4,2,2,2,2,2,3,2,3,2,2,3,2,2,2,2,2,3,2,2,2,2,3,6,3,2,3,2,2,2,2,2,2,2,2,2,2,2,4,2,2,2,2,2,7,3,3
0.027000	2,2,2,2,2,2,2,2,2,2,2,2,2,5,2,3,2,2,2,2,5,2,3,2,3,2,2,4,2,2,4,3,2,2,2,2,2,2,3,2,2,2,2,2,2,2,2,2,2,2,2,7,2,2,3,3,2,2,3,2,2,2,2,2,2,3,3,2,4,3,4,2,2,2,3,2,2,3,2,2,2,2,2,3,2,2,2,2,2,2,2,2,2,2,2,2,2,2,2,2,2,2,3,2,6,2,3,2,2,2,2,2,2,2,2,4,2,2,2,2,2,2,2,2,3,2,2,2,2,3,2,2,2,2,2,3,2,2,2,2,2,2,2,2,2,2,2,2,2,2,2,2,2,3,2,4,2,4,2,2,2,2,2,2,2,2,2,2,2,4,2,2,2,2,3,5,2,2,2,2,3,4,2,2,4,3,2,2,3,2,3,2,2,2,2,3,2,2,2,2,2,2,3,2,2,2,2,3,2,2,2,2,6,2,2,3,4,2,2,2
0.028000	2,2,2,2,2,6,2,2,3,4,2,2,2,2,2,2,2,2,2,2,2,2,2,2,2,2,2,5,2,3,2,2,2,2,2,2,2,5,2,3,4,3,2,2,2,2,2,2,5,3,2,2,2,3,2,2,2,4,3,2,2,2,3,2,2,2,2,2,2,2,7,2,2,2,3,3,2,2,2,3,3,2,2,2,2,2,3,3,4,2,3,4,2,2,2,2,5,2,2,2,3,3,2,2,2,2,3,2,2,2,2,2,2,2,2,2,2,2,2,2,2,2,2,2,2,2,3,2,6,3,3,2,2,2,2,2,2,2,2,4,2,2,2,2,2,2,2,2,2,2,3,2,2,2,2,3,2,2,2,2,2,2,2,5,2,2,2,2,2,2,2,2,2,2,2,2,2,2,2,3,2,2,2,2,3,3,4,3,2,4,2,2,2,2,3,2,2,2,2,2,2,2,2,4,2,2,2,2,4,8,4,2,2,2,2,2,7,3,2,4,3,2,3,2,2,2,2,2,2,2,2,2,2,2,2,2,2,2,4,2,2,2,2,2,3,2
0.029000	2,2,2,2,2,2,2,4,2,2,2,2,2,2,2,3,2,2,2,2,3,2,6,2,2,2,7,2,2,2,2,2,2,2,2,2,2,2,2,2,2,2,5,2,3,2,2,2,2,2,2,2,2,2,5,2,2,2,3,3,2,2,4,2,2,2,5,2,3,2,2,2,2,3,2,2,2,2,2,4,3,2,2,2,3,2,2,2,2,2,2,2,2,7,2,2,2,3,3,2,2,2,2,3,2,3,2,2,2,3,2,2,2,3,3,4,2,3,4,2,2,2,2,3,5,2,2,2,3,2,2,2,2,2,2,3,2,2,2,2,2,3,2,2,2,2,2,4,2,2,2,2,2,2,3,3,2,6,3,3,2,2,2,2,2,2,2,2,4,2,2,2,2,2,2,2,2,2,2,3,2,3,2,2,2,2,2,3,2,2,2,2,2,2,2,5,2,2,2,2,2,2,2,2,2,2,2,2,2,2,2,2,3,2,3,2,2,2,2,2,2,2,3,3,4,3,2,4,2,2,2,2,2,3,2,2,2,2,2,2,2,2,2,4,2,2,3,2,2,4,8,4,2,2,2,3,3,2,3,2,3,2,2,7,2,2,5,3,3,2,2,2,2,2,2
0.030000	2,2,2,2,2,2,2,2,2,2,2,3,2,6,2,2,2,2,2,3,2,2,2,2,2,2,2,3,2,6,2,2,7,2,2,3,2,2,2,2,2,2,2,2,2,2,2,2,2,7,2,3,2,3,2,2,2,2,2,2,2,2,7,2,3,2,4,2,2,2,2,2,2,5,3,2,2,2,2,2,3,2,2,2,2,4,3,2,2,2,2,2,3,3,2,2,2,2,2,2,2,2,2,2,7,2,2,3,3,3,2,2,2,2,2,2,3,2,4,2,2,2,3,2,3,3,2,3,4,2,3,3,4,2,2,2,2,2,5,2,2,2,2,3,2,2,2,2,2,3,3,2,2,2,2,2,2,2,3,2,3,2,2,4,2,2,2,3,2,2,2,3,2,3,7,3,3,2,2,2,2,2,2,2,2,4,2,2,2,2,3,2,2,2,2,2,2,3,2,3,2,2,2,2,2,2,3,2,2,2,2,2,2,2,2,2,5,2,2,2,2,2,2,2,2,2,2,2,2,2,2,2,2,2,3,2,3,2,2,2,2,2,2,2,3,3,4,3,2,4,2,2,2,2,2,2,3,2,2,2,2,2,2,2,2,2,2,3,4,4,2,3,2,2,4,11,4,2,2,3,2,3,2,2,3,5,2,3,5,2,5,3,2,2
0.031000	2,2,5,2,5,3,2,2,5,2,2,2,2,2,2,2,3,2,2,2,2,7,2,2,2,2,2,2,2,3,2,4,2,2,2,2,2,2,2,3,2,8,2,7,2,3,2,2,3,2,2,2,2,2,2,2,2,2,2,2,2,2,8,2,3,3,3,2,2,2,2,2,2,2,2,7,2,2,2,3,2,4,4,2,2,2,5,3,2,2,2,2,2,3,2,2,2,4,3,2,2,2,3,2,2,3,3,3,2,2,2,2,2,3,2,2,2,2,2,2,2,7,2,2,2,3,3,3,2,2,3,2,4,4,2,2,2,2,2,3,3,3,2,3,4,2,2,3,3,2,4,3,2,2,2,5,2,2,2,2,2,3,2,2,2,2,3,2,3,2,2,2,2,2,3,3,2,2,2,3,2,2,4,2,2,2,2,2,2,2,3,2,3,2,7,3,3,2,2,2,3,2,2,2,2,4,2,2,2,3,2,2,2,2,2,2,2,3,2,3,2,2,2,2,2,4,3,2,2,2,3,2,2,2,2,2,5,2,2,2,2,2,2,2,2,2,2,2,2,2,2,2,2,2,5,3,2,2,2,2,2,2,2,2,2,2,3,2,3,2,2,3,2,4,5,2,2,2,2,2,2,3,2,2,2,2,3,2,2,2,2,3,4,4,2,3,2,4,11,2,2,3,6,2,3,2,2,3,5,2,3
0.032000	2,2,3,3,2,5,3,2,2,5,2,2,2,2,2,2,2,2,3,2,3,2,2,2,2,2,2,2,7,2,3,2,3,3,2,2,3,4,2,2,2,2,2,2,3,2,2,8,2,7,2,2,2,3,2,2,2,2,2,2,2,2,2,2,2,3,2,2,2,8,2,4,3,3,3,2,2,2,3,2,9,2,4,3,2,4,4,3,2,2,2,5,3,2,2,2,2,2,3,2,2,2,2,2,4,3,2,3,2,2,2,2,2,5,3,2,3,2,2,3,2,2,2,2,2,2,2,2,7,2,2,4,3,3,2,2,2,2,2,3,2,4,4,2,2,2,2,2,3,3,3,2,3,4,2,3,2,3,2,4,3,2,3,2,3,5,2,2,2,2,2,3,2,2,2,2,3,3,2,2,2,2,3,2,2,2,3,3,2,2,2,3,2,2,2,4,2,2,2,2,2,2,2,2,2,4,2,3,2,7,3,2,3,2,2,2,2,2,2,2,4,2,2,2,2,2,2,2,4,2,2,2,2,2,3,3,2,3,2,2,2,4,3,2,2,2,2,3,2,2,2,2,3,4,2,2,2,2,2,2,2,2,2,2,2,2,2,2,2,2,2,2,2,2,2,2,2,5,4,2,2,2,2,2,2,2,2,2,2,3,3,2,2,2,5,2,3,5,3,2,2,2,2,2,3,2,2,2,2,3,2,2,2,3,4,4,2,2,4,11,2,5,6,3,2,3,2,12
0.033000	2,2,6,7,4,9,5,6,7,5,12,3,2,3,2,5,3,2,2,5,2,2,2,2,3,2,2,2,2,2,2,2,3,2,2,2,4,4,2,2,2,7,2,3,2,2,2,6,4,5,2,2,3,2,2,2,2,2,2,3,2,8,2,7,2,2,2,2,2,3,2,2,3,2,2,2,2,2,2,2,2,2,3,2,2,2,2,8,2,3,4,3,3,3,2,2,2,2,2,2,2,2,3,10,2,3,2,2,4,4,2,4,2,3,2,2,5,2,2,3,2,2,2,2,2,3,2,2,2,2,2,5,3,2,2,3,2,2,2,5,3,2,3,2,2,2,3,2,2,2,2,2,2,2,2,8,2,2,2,2,5,3,3,3,3,2,3,2,2,4,4,2,2,2,2,3,3,3,2,3,3,3,4,2,3,3,3,4,2,2,3,2,2,2,3,5,2,3,3,2,2,2,3,2,2,2,3,3,2,2,2,2,3,2,2,3,3,2,2,3,2,2,3,2,2,4,2,2,2,2,2,2,2,2,2,2,4,2,3,2,2,7,3,3,2,2,2,2,2,2,2,2,2,4,2,2,3,2,2,2,4,2,2,2,2,2,2,2,2,3,2,3,2,5,2,2,3,2,2,2,2,3,2,2,2,3,2,7,2,2,2,2,2,2,2,2,2,2,2,2,2,2,2,2,2,2,2,2,2,2,2,3,3,5,2,2,2,2,2,2,2,2,2,2,2,2,2,3,3,2,2,2,2,5,3,5,2,3,2,2,2,2,2,2,2,2,3,2,2,2,2,3,2,2,2,2,4,6
0.034000	2,2,2,2,2,3,2,2,2,2,10,6,2,4,13,5,9,7,5,2,11,3,3,2,2,5,3,9,2,2,2,2,2,2,2,2,2,4,2,2,2,2,2,3,4,2,2,2,2,2,5,4,2,2,2,3,2,2,3,5,2,8,2,2,2,3,2,2,2,2,3,2,2,5,2,2,2,15,2,2,2,2,2,3,2,2,3,2,2,2,2,2,2,2,2,2,2,4,2,2,2,2,2,2,8,2,4,3,3,3,2,4,2,2,2,2,2,2,2,3,10,2,3,3,2,2,4,4,2,3,2,2,5,2,2,2,3,2,2,2,2,3,2,2,2,2,2,2,2,3,5,3,2,3,3,2,2,2,2,2,5,3,3,2,2,2,3,2,2,2,3,2,2,3,2,2,8,2,2,2,2,5,3,3,3,3,2,3,2,2,4,6,2,2,2,2,3,3,3,3,2,3,3,4,2,3,3,3,4,2,3,2,2,2,2,3,5,2,3,3,2,2,3,2,3,2,2,2,3,3,2,2,2,3,2,2,2,3,3,2,3,2,3,2,2,2,2,4,2,2,2,2,2,2,2,2,2,2,4,2,3,2,2,7,3,3,2,2,2,2,2,2,2,2,2,4,2,2,2,2,4,2,2,2,2,2,2,2,2,2,2,2,2,3,2,2,3,2,5,2,3,2,3,2,2,2,2,3,2,2,3,2,2,7,2,2,2,2,2,2,2,2,2,2,2,2,2,2,2,2,2,2,2,2,2,3,2,2,2,2,2,2,3,3,2,7,2,2,2,2,2,2,2,2,2,2,2,2,2,3,2,3,2,2,2,2,2,5,3,5,3,2,2,2,2,2,2,2,2,2,3,2
0.035000	2,2,2,2,2,2,2,2,3,2,2,3,2,2,3,2,2,2,4,13,5,9,16,2,6,4,5,2,3,15,2,5,3,9,2,2,2,2,2,2,2,2,2,2,2,2,4,2,2,2,2,2,2,2,2,3,2,4,2,2,2,2,2,2,5,4,2,2,2,2,3,2,3,5,2,8,2,2,3,2,3,2,2,2,2,2,3,2,5,2,2,2,2,15,2,2,2,2,3,2,2,2,3,2,2,2,2,2,2,2,2,4,2,2,4,2,2,2,2,2,8,2,4,2,3,3,3,2,2,2,2,2,2,2,2,3,10,2,3,2,2,4,4,2,4,2,2,2,2,5,2,3,2,2,2,2,2,2,3,2,2,2,2,2,2,3,5,3,3,2,2,2,3,2,3,2,2,2,2,7,3,2,3,2,3,2,2,3,2,2,3,3,5,8,2,2,2,5,3,3,2,3,3,2,3,2,4,6,2,2,2,2,3,3,3,3,3,3,4,2,4,2,3,3,3,4,2,2,2,3,6,2,3,2,2,2,3,3,3,4,2,2,2,3,3,2,2,3,5,2,2,3,3,2,2,2,2,2,3,2,2,2,4,2,2,2,2,2,2,2,2,2,2,2,2,2,4,2,2,3,2,2,2,7,3,3,2,2,2,2,2,2,2,2,2,2,2,4,2,2,2,2,4,2,2,2,2,2,2,2,2,2,2,2,2,2,3,2,2,3,2,5,2,2,2,3,2,2,2,2,3,2,2,2,2,3,2,7,2,2,3,2,2,3,2,2,2,2,2,2,2,2,3,2,2,2,2,2,2,2,2,2,2,2,3,2,2,2,2,2,2,3,3,2,7,2,2,2,2,2,2,2,2,2,2,2,2,2,2,3,3,2,2,2,2,2,2,5,10,2,2,2,2
0.036000	2,2,2,2,2,2,2,2,2,5,10,2,2,2,2,2,2,2,2,2,2,2,2,2,3,2,2,3,2,3,2,2,2,5,2,26,4,22,5,2,3,15,3,7,9,2,2,2,2,2,2,2,2,2,2,2,2,2,2,4,2,2,2,2,2,2,2,2,6,2,2,4,2,2,2,5,4,3,2,3,2,4,5,2,6,6,2,2,2,3,4,2,2,3,2,2,2,2,3,2,2,2,2,5,2,2,15,2,2,2,2,2,2,3,2,2,3,2,2,2,2,2,2,2,2,2,2,4,2,2,2,2,2,8,2,2,4,3,3,3,2,2,2,2,2,2,2,2,3,10,2,3,2,2,4,4,2,2,4,2,3,2,5,2,3,2,2,2,2,2,2,2,3,2,2,2,2,2,2,2,2,3,5,3,2,2,2,3,3,2,2,2,3,3,7,3,2,5,2,2,2,3,2,3,3,6,8,2,4,4,3,2,3,3,4,2,3,2,4,6,2,2,4,2,2,3,3,3,3,3,4,3,4,2,3,4,2,3,4,2,2,2,3,6,4,2,3,2,2,3,3,3,4,2,2,2,2,3,3,2,3,5,2,2,2,3,2,2,3,3,4,3,2,2,2,4,2,2,2,2,2,2,2,2,2,2,2,2,2,2,4,2,3,2,2,2,7,3,3,2,3,2,2,2,2,2,2,2,2,2,2,2,2,4,2,2,3,2,2,3,2,2,2,2,2,3,2,2,2,2,2,2,2,3,2,2,3,2,2,3,2,2,5,2,2,2,3,2,2,2,2,2,3,2,2,2,2,2,2,7,4,2,2,2,2,2,2,3,2,2,2,3,2,2,2,2,2,2,2,2,2,3,2,2,2,2,2,2,2,2,2,2,2,2,3,2,2,2,2,3,3,2,3,3,6,2,2,2,2,2,2,2,2,2,2,2,2,2,2,2,3,3,2
0.037000	2,2,2,2,2,2,2,2,2,2,3,3,2,2,2,2,2,2,2,2,2,2,11,2,7,2,2,2,2,2,2,2,2,2,2,2,2,3,2,2,2,2,2,2,3,2,3,2,2,2,31,6,4,16,5,2,2,3,15,10,9,2,2,2,2,3,2,2,2,2,2,3,2,2,2,3,3,2,2,3,2,2,2,2,2,2,6,3,4,2,4,2,2,2,9,3,3,2,4,5,2,2,11,2,2,2,2,3,2,2,2,2,3,2,3,2,2,2,2,2,2,2,2,2,22,2,2,2,2,3,2,2,2,3,2,2,2,2,2,2,2,2,2,2,2,2,2,4,2,2,2,2,2,8,2,4,2,3,3,3,2,2,2,2,2,2,2,2,2,3,10,2,3,2,2,4,6,2,2,4,2,3,2,5,2,3,2,2,2,2,2,2,2,3,2,2,2,2,2,2,2,2,3,5,2,2,2,3,3,3,3,2,2,2,6,10,3,2,3,3,2,3,2,2,2,3,3,2,8,9,3,3,2,2,2,4,3,6,2,2,9,6,2,2,2,2,3,3,3,3,3,4,3,2,5,4,2,2,3,5,3,2,2,2,3,6,4,2,3,5,2,3,4,2,2,2,3,5,2,2,5,2,2,2,3,2,3,3,4,2,3,2,2,2,4,2,2,2,2,2,2,2,2,2,2,2,2,2,4,2,2,2,2,3,2,2,2,7,3,4,2,2,3,2,2,2,2,2,2,2,2,4,2,7,2,2,2,2,7,2,3,3,2,2,2,2,2,2,2,2,2,2,2,2,3,2,2,2,3,2,2,2,7,3,2,2,2,2,2,2,2,2,4,2,2,2,2,7,2,4,2,2,3,2,2,2,2,2,2,2,2,2,2,2,2,2,2,2,7,2,2,2,2,2,2,2,2,2,2,3,2,2,2,2,2,2,2,2,2,2,2,2,3,2,2,2,2,3,3,3,3,3,6,2,2,2,2,2,2,2
0.038000	2,3,3,5,2,7,2,2,2,2,2,2,2,2,2,2,2,2,2,2,2,2,2,2,3,3,2,2,2,2,2,2,2,2,2,2,2,2,11,2,7,2,2,2,2,2,2,2,2,2,2,2,2,3,2,2,2,2,2,2,2,2,3,3,2,2,2,2,2,4,53,5,5,5,3,8,10,10,2,2,2,2,2,3,2,2,2,5,3,2,2,2,2,2,9,2,2,3,3,2,2,2,3,4,3,2,2,9,3,3,4,2,2,4,2,15,2,2,2,2,3,2,2,2,2,2,3,2,8,2,2,2,2,2,3,2,2,2,2,21,2,2,2,2,3,2,2,2,2,3,2,2,2,2,2,2,2,2,2,2,2,2,2,4,2,3,2,2,2,2,2,2,8,2,4,3,3,3,2,2,2,2,2,2,2,2,2,2,3,2,10,2,3,2,2,4,6,2,4,2,2,3,2,3,2,5,2,3,2,2,2,2,2,2,4,2,2,2,2,2,2,2,2,2,3,6,2,2,2,3,3,3,3,2,2,2,16,3,2,5,3,5,2,2,4,2,3,2,6,8,9,3,3,2,2,4,2,3,2,9,2,6,2,2,2,2,3,2,3,3,3,2,2,3,3,3,2,5,2,4,2,4,2,3,3,2,3,6,4,2,2,3,7,5,4,2,3,8,5,4,2,2,2,2,3,2,3,3,4,3,2,2,2,2,4,3,3,2,2,2,2,2,2,2,2,2,4,2,2,2,3,2,2,7,2,2,7,5,4,2,2,2,2,3,2,2,2,2,2,2,2,2,2,4,2,2,2,2,2,7,2,3,3,2,2,2,2,2,2,2,2,2,2,2,2,2,3,2,3,2,3,2,2,2,7,3,2,2,2,2,2,2,2,2,4,2,2,2,2,2,2,4,7,2,2,2,2,2,3,2,3,2,2,3,3,2,2,2,2,2,2,2,2,2,2,2,2,2,2,8,2,2,3,2,2,2,2,2,2,4,3,2,2,2,2,2,2,2,2,2,2,2,2,2,3,2,2,2,2,2,3
0.039000	2,2,2,2,2,2,2,3,2,2,2,2,2,2,3,3,5,2,7,2,2,2,2,3,2,2,2,2,2,2,2,2,2,2,2,2,2,3,3,2,2,2,2,2,2,2,2,2,2,2,2,2,11,2,7,2,2,2,2,2,2,2,2,2,2,2,2,2,3,2,2,3,2,3,3,2,2,2,2,2,2,2,2,2,2,3,2,4,2,2,2,5,5,3,8,10,10,2,2,2,2,2,58,2,2,2,2,5,3,2,2,2,2,2,9,2,2,3,2,2,3,2,2,2,3,3,13,2,3,3,4,4,2,26,2,2,2,2,7,2,2,2,3,2,2,2,2,2,3,2,2,2,2,2,2,21,2,6,2,2,2,3,2,2,2,3,2,3,2,2,2,2,2,3,2,2,2,2,2,2,2,2,2,2,3,4,2,2,2,2,2,8,2,4,3,5,3,2,2,2,2,2,2,2,2,2,2,3,10,2,3,2,2,2,4,6,2,4,2,3,2,3,2,2,2,5,2,2,5,2,2,2,4,2,2,2,2,2,2,2,2,2,3,6,2,2,2,2,3,3,3,3,3,2,2,16,2,3,2,2,5,3,5,2,2,4,3,2,2,2,8,9,3,3,2,2,4,4,2,6,3,9,2,6,3,2,2,3,3,2,3,3,2,3,2,4,3,2,5,4,2,2,4,2,3,3,2,3,6,4,2,2,3,4,12,2,3,8,5,4,2,2,2,2,3,2,3,3,4,3,2,2,2,2,2,4,3,3,2,2,2,2,2,2,2,2,2,4,2,2,2,2,2,3,2,2,2,7,5,4,2,2,2,2,3,2,2,2,2,2,2,2,2,2,4,4,2,2,2,2,7,2,2,3,2,2,3,2,4,2,2,2,2,2,2,2,2,2,3,2,2,2,3,2,2,2,7,3,2,2,2,2,2,2,2,2,2,2,2,2,4,2,2,2,2,2,2,2,7,4,2,2,3,2,5,4,2,2,2,2,2,3,7,2,3,2,2,2,3,2,3,2,2,2,2,2,2,2,2,2,2,2,2,2,3,8,2,2,4,2,2,2,2,2,2,3,2,2,3,2,2,2,2,2,2,2
0.040000	2,2,2,2,2,2,3,2,2,2,2,4,2,2,3,2,2,3,2,2,2,4,3,2,5,3,6,2,2,2,2,2,2,2,3,2,2,2,2,2,2,2,2,2,2,2,3,3,2,3,2,2,2,2,2,2,2,2,2,2,2,2,2,11,2,2,7,2,2,2,2,2,2,2,2,2,3,2,2,2,3,2,2,3,2,3,3,2,2,2,2,2,2,2,3,2,2,2,2,2,2,2,3,2,4,2,58,2,2,2,2,2,2,5,5,3,8,10,10,2,2,2,2,2,2,2,2,2,2,3,2,2,2,2,2,2,2,3,2,2,3,2,2,11,17,2,2,4,4,3,6,15,10,2,2,3,2,3,4,2,2,2,2,4,2,2,2,2,2,7,2,2,2,2,21,2,6,2,2,2,2,3,2,2,2,2,2,3,2,3,2,2,2,2,2,3,2,2,2,2,2,2,2,2,2,2,4,2,4,2,2,2,2,8,2,4,3,5,3,2,2,2,2,2,2,2,2,2,2,2,3,10,2,3,2,3,2,2,4,6,2,4,2,3,2,2,3,2,5,3,2,2,3,2,2,2,2,2,4,2,2,2,2,2,2,2,2,2,2,2,2,2,3,2,2,2,2,3,2,5,7,3,2,2,4,19,4,5,3,2,3,5,2,3,3,2,3,2,8,9,2,3,3,3,3,3,4,6,2,3,9,2,2,6,4,2,2,3,3,3,2,3,2,2,2,7,3,2,5,4,2,4,2,2,2,3,3,2,3,6,4,2,3,4,12,2,2,3,8,5,4,2,2,2,2,2,2,3,2,3,3,4,3,2,2,2,4,2,3,3,2,2,2,2,3,2,2,2,2,2,2,4,2,2,2,2,2,3,2,2,2,7,5,4,2,2,2,2,2,2,2,2,3,2,2,2,2,2,2,2,4,2,4,2,2,2,7,4,3,3,2,2,2,2,4,2,2,2,2,2,2,2,2,2,2,3,2,2,3,2,2,9,2,3,2,2,2,2,2,2,2,2,3,2,2,2,2,2,4,2,2,2,2,2,2,7,4,2,2,3,2,5,4,2,2,7,2,2,2,2,2,2,2,3,2,2,3,2,2,2,3,3,3,3,2,2,2,3,2,3,2,2,2,2,2,10,2,2,3,2,4,2,2,2,2,2,2,2,3
0.041000	2,2,2,2,2,2,2,6,3,2,2,2,2,2,2,2,3,2,2,2,3,2,2,2,2,3,2,2,3,2,2,2,3,2,3,2,2,4,3,5,10,2,2,4,2,2,2,2,3,2,2,2,2,2,2,2,2,3,2,2,3,3,2,2,2,4,2,2,2,2,2,2,5,2,2,2,2,11,2,2,2,7,2,2,3,2,2,2,2,2,2,3,2,2,3,2,2,3,2,3,2,3,2,3,2,2,2,2,2,4,2,2,2,2,2,2,2,4,2,2,3,2,64,2,2,2,2,2,14,3,2,7,7,10,2,2,2,2,2,2,2,2,2,2,2,2,6,3,2,2,2,2,3,2,2,2,2,3,2,2,3,2,2,2,4,4,10,2,9,16,2,2,7,4,2,2,2,4,2,28,2,2,2,2,2,2,3,4,21,2,6,2,2,2,3,2,2,2,2,2,3,3,2,2,2,2,2,2,2,3,2,3,2,2,2,2,2,2,2,4,2,7,2,4,2,2,2,8,2,5,3,5,3,2,2,2,2,2,2,3,2,2,2,2,14,2,2,2,3,4,3,4,4,2,4,2,2,3,5,2,5,3,2,2,3,2,2,3,2,2,4,2,2,2,2,2,2,2,2,2,2,2,2,5,2,3,2,2,2,2,2,3,5,7,3,2,2,4,19,4,2,5,3,4,2,2,2,3,3,2,2,2,3,2,5,8,2,10,3,3,3,3,2,3,6,6,2,3,9,2,9,2,2,2,2,2,3,3,3,2,2,11,3,2,5,2,4,6,7,2,3,3,5,15,5,2,2,6,3,2,8,11,2,2,2,2,3,2,2,3,3,4,3,2,2,2,4,2,2,2,3,2,2,3,2,2,2,2,2,2,2,2,2,2,4,2,2,2,2,2,2,3,2,2,7,5,4,2,2,2,2,3,2,2,2,3,2,2,2,2,2,2,4,2,2,4,4,2,6,4,2,2,2,2,3,3,2,2,2,4,2,2,2,2,2,2,2,2,2,2,2,2,2,3,2,2,2,3,2,2,9,2,3,2,2,2,3,2,2,2,3,2,2,2,2,2,4,2,2,2,3,2,2,2,7,4,2,3,2,2,2,2,2,2,7,3,2,5,4,2,2,2,2,2,2,3,3,2,2,2,2,3,2,2,2,2,3,2,3,3,3,2,2,2,2,3,2,3,2,2,2,2,10,2,2,2,4,3
0.042000	2,4,2,2,2,2,10,2,2,2,4,3,2,2,2,2,2,3,2,3,2,2,2,3,2,2,2,2,3,2,2,2,3,2,2,2,2,3,2,2,2,2,3,2,2,2,2,2,2,2,2,4,3,5,10,2,2,2,4,2,2,2,2,3,2,2,2,4,4,2,2,2,3,2,2,3,3,2,2,2,2,2,4,2,2,2,2,2,5,2,2,2,2,11,10,3,2,2,2,2,2,3,2,2,2,2,2,3,2,2,3,2,2,2,2,3,2,2,3,2,3,3,2,2,3,2,2,2,2,2,4,2,2,2,2,2,2,4,2,2,3,2,6,3,4,2,54,2,2,2,2,3,18,2,7,3,2,10,2,2,2,2,2,2,2,2,2,2,2,6,2,3,4,2,5,2,3,2,3,3,2,2,6,2,3,2,2,9,17,3,2,3,10,8,13,9,3,7,4,2,2,2,2,2,4,2,2,2,2,2,2,3,2,2,21,2,3,6,6,2,2,2,2,4,2,3,2,2,2,2,2,2,3,2,2,2,2,2,2,2,3,2,2,2,2,2,2,2,2,2,4,2,7,2,2,2,2,8,2,5,3,5,3,4,2,2,2,2,2,2,2,2,2,14,2,2,3,4,2,3,4,4,2,4,2,3,5,2,5,3,3,2,5,2,2,2,2,4,2,2,2,2,2,2,2,2,2,2,2,2,5,2,2,3,2,4,2,3,3,7,3,2,2,3,2,2,4,19,4,5,3,4,2,2,2,2,2,3,3,2,2,5,6,8,2,2,10,3,3,4,7,5,3,11,9,2,2,2,2,6,3,3,3,2,2,2,8,2,4,3,2,5,6,12,5,2,3,4,2,15,5,4,2,2,4,2,7,11,2,2,2,2,2,2,3,3,4,4,2,3,2,2,2,4,2,2,3,2,2,3,2,2,2,2,2,2,3,2,2,2,2,4,3,2,2,2,3,4,2,7,3,5,4,2,2,2,2,2,2,3,2,2,2,2,2,2,2,2,2,2,2,2,2,2,2,4,4,4,2,2,6,4,2,2,3,3,2,4,2,3,2,2,4,3,2,2,2,2,2,2,2,2,2,2,3,2,3,2,2,2,3,2,2,2,9,2,3,2,2,2,2,2,3,2,2,2,3,2,2,2,2,2,4,2,2,3,2,2,2,7,3,4,2,2,2,2,2,7,2,2,2,2,2,2,3,2,5,4,3,2,2,2,2,2,2,2,2,3,2,3,2,2,3,2,2,2,2,2,3,2,2,3,3,3,2,2,2,2,3,2,2
0.043000	2,3,2,3,2,2,2,2,3,2,2,2,3,2,2,3,8,3,2,2,2,2,4,2,3,2,2,2,2,2,5,3,3,2,4,2,2,2,2,2,2,2,3,3,3,2,3,2,2,2,2,3,2,2,2,2,3,2,2,2,2,3,2,2,2,2,2,2,2,2,4,3,5,10,2,4,4,2,2,2,2,2,2,2,2,2,2,3,2,2,2,2,4,2,2,2,3,2,2,3,2,3,2,2,2,2,4,2,2,2,2,2,3,2,2,3,4,2,2,2,11,10,3,4,2,2,2,2,2,3,2,2,4,3,2,2,2,2,3,2,2,2,3,2,2,2,3,2,3,3,2,3,2,2,2,2,2,3,2,2,3,2,2,2,2,2,2,2,2,3,2,4,2,4,8,57,2,2,2,2,2,2,3,18,2,7,10,2,2,2,3,4,2,2,2,2,2,2,2,2,2,2,6,2,3,4,2,5,4,2,3,2,6,2,3,5,8,11,12,10,8,18,2,2,9,3,7,4,2,2,2,2,4,2,2,2,2,3,5,2,2,2,21,2,3,3,4,6,2,2,2,2,3,3,2,2,3,2,2,2,2,3,2,2,2,2,2,2,2,3,2,2,2,2,2,2,2,2,2,4,2,7,2,2,2,8,2,5,3,4,5,3,4,2,2,2,2,2,2,2,3,2,2,14,2,3,3,3,4,8,2,3,4,2,3,5,2,5,3,2,5,2,2,2,2,2,4,2,2,2,2,2,2,2,2,2,2,2,2,2,2,5,2,3,2,2,4,2,3,3,7,3,2,3,2,2,2,23,4,5,3,4,2,2,2,3,3,3,2,2,5,6,8,2,10,7,6,3,2,5,6,2,3,11,9,2,2,2,3,2,3,3,2,2,2,9,4,4,2,5,2,6,12,5,2,3,4,20,2,6,11,2,2,5,6,2,2,2,2,2,5,4,2,6,2,3,2,2,4,2,2,3,2,2,2,2,2,2,2,2,2,2,2,3,2,2,2,2,2,2,4,2,2,2,3,4,2,2,7,3,5,4,2,4,2,2,2,3,3,2,2,2,2,2,2,2,2,2,2,2,2,4,4,2,2,2,6,4,2,2,2,4,2,3,2,2,3,2,2,4,2,2,2,2,2,2,2,2,2,2,3,2,2,3,2,2,2,3,2,2,2,3,2,10,2,2,2,2,2,3,2,2,2,2,3,2,2,2,2,4,2,2,3,3,4,2,2,2,4,10,2,2,7,4,2,3,2,2,2,2,2,2,2,2,2,2,2,4,2,3,2,5,4,2,2,2,2,2,2,2,2,2,2,2,3,2,2,3,4,3,2,2,2,2,2,3
0.044000	2,3,3,2,4,3,2,2,2,2,2,2,3,3,3,3,2,3,2,2,3,2,3,2,2,2,2,2,2,3,8,3,2,2,4,2,2,3,4,3,2,2,2,2,5,2,3,2,3,2,3,2,2,2,2,2,2,2,3,3,3,3,2,2,2,2,3,5,2,2,2,2,4,2,2,2,3,2,2,2,2,2,2,2,2,4,9,2,7,2,2,4,4,2,2,2,2,2,2,2,2,2,2,2,2,2,3,2,2,2,4,2,3,2,2,2,3,2,2,3,3,2,3,4,2,2,4,3,2,2,2,2,2,2,2,2,2,3,4,2,2,2,3,19,3,2,2,2,2,3,2,2,2,3,2,2,2,2,4,3,2,2,2,2,3,2,2,2,2,3,2,2,3,2,3,3,2,2,2,3,2,3,2,3,2,2,4,2,2,2,2,2,2,2,2,3,2,4,2,12,2,6,51,2,2,2,2,2,3,18,2,2,7,10,2,2,3,4,2,2,2,2,2,2,2,2,2,10,2,3,4,2,4,2,2,4,2,2,8,3,4,9,2,4,2,2,21,10,8,18,9,3,7,4,2,2,2,2,8,4,5,2,3,2,2,2,21,3,2,3,2,6,2,2,2,2,3,3,3,2,2,2,2,2,2,2,2,2,2,2,3,2,2,2,3,2,2,2,2,2,2,2,2,2,4,7,3,2,2,2,8,2,2,5,3,5,3,4,2,2,2,2,2,3,2,2,2,2,2,14,2,3,3,2,4,3,4,2,2,6,2,4,2,3,5,3,2,7,3,2,2,7,2,2,4,2,3,3,2,2,2,2,2,2,2,2,2,2,2,2,5,2,3,2,7,3,3,7,2,3,2,2,3,20,3,8,5,4,2,2,2,2,3,3,2,2,5,6,2,10,2,7,6,3,5,9,2,3,11,9,2,2,2,2,6,3,3,3,2,2,4,15,2,4,2,5,6,12,5,2,7,15,5,3,2,2,12,7,11,2,2,2,2,2,2,2,5,4,6,2,3,2,2,2,5,2,2,2,3,2,2,2,4,2,2,3,2,2,2,2,2,2,2,2,3,2,4,4,2,5,2,2,7,3,5,4,2,4,2,2,2,4,3,2,2,2,2,2,2,2,2,2,2,2,2,2,2,4,4,2,2,2,2,2,6,4,2,2,3,3,3,2,2,2,3,2,2,4,3,2,2,2,2,3,3,2,2,2,2,3,2,3,2,2,2,2,2,3,2,2,2,2,2,3,10,7,2,2,2,2,2,2,2,2,3,2,2,2,2,2,2,2,2,4,2,2,3,2,2,2,2,2,2,4,10,3,7,2,2,2,2,3,8,2,5,2,2,2,2,2,2,2,2,2,3,2,4,2,2,3,2,5,4,2,2,3,2,2,2,2,2,2,2,2,2,3,3,2,2
0.045000	2,3,3,2,2,3,2,4,3,2,2,2,2,2,3,2,3,3,8,2,3,2,3,3,3,2,3,2,2,2,2,2,2,3,5,8,3,2,2,3,4,3,2,2,2,3,2,2,3,2,3,2,2,3,2,2,2,2,2,2,2,2,2,3,3,2,3,2,2,2,2,2,2,2,3,2,2,6,6,2,2,2,2,3,2,4,2,2,2,2,4,18,2,4,4,2,2,2,2,2,2,2,2,2,2,2,2,2,3,2,2,2,3,2,2,4,2,2,2,2,4,2,3,4,3,2,3,2,4,2,2,3,2,2,2,2,3,2,2,2,2,8,2,3,2,2,3,19,3,2,3,2,3,2,2,2,2,3,2,2,2,2,5,3,2,2,3,2,2,3,2,2,3,2,2,3,3,3,2,3,2,3,3,2,3,2,4,2,2,2,2,6,2,2,2,2,2,2,3,2,2,2,2,4,3,18,37,14,2,2,2,2,2,3,3,18,2,7,3,10,2,2,2,2,2,2,4,4,2,2,2,10,2,3,2,4,2,4,2,4,2,2,8,3,4,2,9,2,2,5,2,21,18,27,3,7,2,4,2,2,2,8,4,5,2,3,21,2,2,3,4,2,6,2,2,2,2,3,2,3,2,2,2,2,2,3,3,2,7,3,2,2,2,2,3,2,2,2,2,8,5,3,4,4,3,2,2,2,2,8,2,2,2,5,3,5,3,4,2,2,2,2,2,3,2,2,2,2,2,2,3,3,2,2,3,15,2,2,7,4,3,2,6,2,5,2,2,7,2,8,2,2,2,2,2,4,4,2,2,3,2,2,2,2,2,2,2,3,2,2,2,5,2,3,2,2,7,4,2,3,7,3,2,2,3,27,4,5,3,3,4,2,2,2,3,3,5,5,2,10,2,7,6,3,5,9,2,3,11,12,2,2,2,13,3,3,3,2,2,4,12,2,2,5,5,5,2,18,27,6,2,2,12,2,11,2,2,2,2,2,5,4,6,2,7,2,3,2,2,2,5,2,2,2,4,2,2,2,2,4,2,3,2,2,2,2,2,3,2,2,2,3,2,2,4,4,5,2,2,2,7,3,5,4,2,4,2,2,4,2,2,2,3,2,2,3,2,2,2,2,2,2,2,2,2,4,4,2,2,2,2,2,2,10,2,3,2,3,2,2,4,3,2,2,2,4,2,2,2,2,3,2,2,2,2,2,2,3,2,3,2,2,2,2,2,3,2,2,2,2,2,3,10,2,2,2,2,2,2,2,2,2,3,4,2,2,2,3,2,2,4,2,3,3,2,2,2,2,2,2,4,10,7,3,3,2,3,2,2,3,2,2,2,2,3,5,9,2,2,2,2,2,2,2,2,2,3,2,2,2,4,2,3,2,2,9,2,2,2,2,2,2,2,2,2,3,3
0.046000	2,2,2,2,3,3,3,2,2,3,2,4,3,3,2,2,2,2,2,3,3,2,3,2,3,2,2,2,2,2,3,2,3,3,3,2,3,2,2,2,2,2,2,3,8,5,3,2,2,4,2,2,2,2,2,4,3,3,2,3,2,3,2,2,3,2,3,2,2,2,2,2,2,2,4,3,2,3,2,2,2,2,2,2,2,3,2,8,2,6,2,2,3,3,2,4,3,2,2,2,2,4,18,2,3,3,2,4,2,2,2,2,2,2,2,2,2,2,2,2,2,2,3,3,2,3,2,2,2,2,3,4,2,2,4,2,2,4,2,3,3,2,3,2,4,2,2,2,3,2,2,2,3,2,2,2,2,2,2,2,8,2,3,22,3,2,3,2,3,2,3,2,2,2,2,3,2,2,2,2,2,2,2,5,3,2,2,3,3,2,2,2,3,2,2,3,3,3,3,2,2,3,3,2,2,2,2,3,2,4,2,2,2,2,6,3,2,4,2,2,3,2,2,2,2,2,4,3,18,37,14,2,2,2,2,2,3,3,18,2,7,3,2,2,10,2,2,4,2,2,2,4,2,2,2,10,2,2,4,4,2,4,2,2,8,3,2,4,13,13,7,15,18,27,14,2,4,2,2,6,4,5,2,2,3,3,2,21,2,2,3,2,6,2,2,2,3,3,3,2,2,2,2,2,2,2,3,3,2,7,2,3,2,2,2,2,3,2,2,2,2,2,5,2,3,4,4,7,3,2,2,4,2,2,2,2,8,2,2,5,3,5,3,4,2,2,2,2,2,3,2,2,2,2,3,3,3,2,15,2,2,7,8,3,2,2,8,2,8,7,2,8,2,2,2,2,2,4,4,2,2,3,2,2,2,2,2,2,2,3,2,2,2,2,2,2,5,2,3,2,3,2,7,4,3,7,3,2,2,3,27,2,4,5,3,4,2,5,4,3,3,5,2,5,2,4,2,10,7,6,3,5,9,2,2,4,11,12,2,2,4,3,3,3,2,2,2,2,4,12,7,3,7,42,2,2,2,12,6,7,6,7,2,2,2,2,2,2,2,2,5,4,6,2,3,2,2,2,3,2,5,2,2,2,2,2,8,2,2,2,3,5,2,2,2,2,2,2,2,2,2,2,2,4,4,5,2,2,10,5,2,2,6,2,2,4,2,2,3,2,2,4,2,2,2,2,2,2,2,2,2,2,2,2,4,4,2,2,2,2,2,2,10,2,2,3,2,2,4,2,3,2,2,4,4,7,2,2,2,2,2,2,2,3,2,2,2,2,2,2,2,3,2,3,2,2,2,2,3,3,2,2,2,2,2,2,2,3,10,2,2,2,2,2,2,2,3,2,3,4,2,2,2,2,2,2,2,2,2,2,3,5,2,2,2,2,2,3,2,10,11,3,2,4,2,2,2,3,2,2,2,2,5,2,9,3,2,2,2,2,2,2,2,2,3,2,2,2,4,2,3,3,2,2,3,9,2,2,2,2,2,2
0.047000	2,2,2,2,2,4,2,2,2,3,3,3,3,2,2,3,2,4,3,2,2,2,2,2,2,3,3,2,3,3,2,2,2,2,3,2,3,2,3,3,2,3,2,2,2,5,2,2,5,11,2,2,2,2,4,2,3,2,3,2,2,2,2,4,3,2,3,2,2,2,3,2,3,2,2,2,2,2,2,2,4,2,3,2,3,2,2,2,2,2,2,2,3,4,3,2,7,2,2,2,3,3,3,2,4,3,2,2,2,4,18,2,2,2,2,3,4,2,4,2,2,2,2,4,2,2,2,2,2,2,2,3,2,2,2,2,2,2,3,2,2,2,2,3,4,2,2,2,2,2,4,2,3,3,2,2,2,2,3,4,2,2,3,2,2,2,3,2,2,2,3,5,8,2,3,22,3,2,3,3,3,2,2,3,2,2,2,2,3,4,2,2,2,2,2,2,5,3,2,3,2,2,2,3,2,2,3,2,2,2,4,2,3,3,2,3,3,2,2,2,2,3,2,2,3,2,4,2,2,2,4,2,4,2,2,2,2,2,3,2,2,2,4,3,8,2,55,6,2,2,3,3,3,18,2,7,2,3,3,2,2,10,2,4,2,2,2,2,6,4,2,10,2,4,7,6,4,2,2,2,8,3,2,13,13,18,27,14,2,2,4,2,21,9,3,3,2,21,2,3,4,4,6,2,2,2,2,3,2,3,3,2,2,3,2,2,2,2,2,2,4,5,5,3,3,3,2,2,2,2,2,2,2,2,7,2,2,2,2,3,7,9,3,2,3,2,2,2,4,2,2,8,2,2,5,3,2,5,3,4,2,2,2,2,3,2,2,4,2,2,3,2,15,3,2,2,7,2,2,3,8,2,2,8,8,7,3,2,7,3,2,2,2,2,2,4,2,2,3,2,2,2,2,2,2,2,2,2,2,2,2,4,2,2,2,5,2,3,2,2,7,4,2,3,7,3,2,2,2,3,31,5,4,2,2,3,3,5,5,10,2,10,7,6,2,4,9,8,9,4,11,12,2,2,3,3,2,3,2,2,4,15,2,2,7,3,7,2,42,2,2,12,6,7,6,7,2,2,2,2,2,2,2,8,4,4,2,3,2,2,2,2,2,2,5,2,2,7,3,2,4,2,3,2,3,5,2,2,3,2,2,3,2,2,2,2,4,9,2,10,5,2,2,6,2,2,2,2,4,2,2,3,2,2,2,4,2,2,2,2,2,2,2,2,2,2,2,2,2,4,4,2,2,2,2,7,2,2,2,2,10,2,2,3,2,3,2,2,5,4,4,2,2,2,4,2,2,2,2,2,2,2,3,2,2,2,2,2,2,2,2,3,2,3,2,2,2,2,3,2,2,2,2,2,2,2,2,2,2,13,2,2,2,2,2,2,3,2,3,4,2,2,3,2,2,2,2,2,2,2,3,2,2,3,2,2,2,3,2,21,3,4,3,2,3,2,2,5,2,2,2,2,4,5,2,2,9,2,2,2,2,2,2,2,2,2,2,4,3,2,5,2,2,3,2,2,3,9,2
0.048000	2,2,2,2,2,2,4,2,2,2,3,3,3,2,2,3,2,4,3,2,2,2,3,2,3,3,2,3,2,2,6,2,3,2,2,3,3,2,3,2,2,2,2,2,5,9,11,2,2,2,2,4,2,2,3,2,2,2,2,2,11,3,2,3,2,2,3,2,2,3,2,2,2,2,2,2,4,2,2,3,2,3,2,2,2,2,5,3,4,2,3,2,7,2,2,2,2,3,2,3,2,3,4,3,2,2,2,2,4,18,2,2,3,2,2,2,2,7,4,2,2,3,2,2,2,2,2,2,3,2,2,2,2,2,2,2,2,2,2,2,3,2,2,2,2,2,3,4,2,2,6,2,2,3,3,2,2,2,2,3,4,2,2,3,2,2,2,3,2,3,2,2,2,3,5,8,2,3,4,3,25,2,2,3,3,2,3,2,2,2,2,2,3,2,3,2,2,2,2,2,2,5,3,4,2,3,2,2,2,3,2,2,2,3,2,2,2,6,3,3,3,3,2,2,3,2,2,2,2,2,2,2,3,4,2,3,2,9,2,2,4,2,2,2,2,4,3,2,2,2,6,3,8,55,6,2,3,2,3,3,3,4,3,18,2,2,10,2,2,4,12,2,4,4,4,2,10,4,2,6,2,3,7,3,4,13,3,2,13,2,13,46,2,11,2,24,2,2,9,3,4,3,2,2,3,23,4,6,2,2,2,2,2,3,2,3,3,2,4,2,2,2,2,2,2,2,2,3,5,2,3,3,3,2,5,2,2,2,2,3,3,2,2,2,2,7,2,2,3,7,9,3,2,2,2,4,2,2,2,8,2,2,5,3,5,3,4,2,2,2,2,2,3,2,2,2,2,3,4,2,15,3,2,2,7,2,3,8,2,2,2,8,8,7,3,2,2,9,2,2,3,4,2,2,2,2,3,2,2,2,2,2,2,2,2,2,2,2,2,2,2,2,4,5,2,3,2,2,7,4,3,7,3,2,2,2,2,3,36,3,4,2,8,2,2,6,9,6,2,8,2,10,7,6,9,4,2,11,12,2,2,9,3,3,3,2,2,2,2,2,4,11,2,2,7,10,4,46,4,2,12,6,7,6,2,2,2,2,2,2,2,4,9,2,7,2,2,3,2,2,3,5,2,2,7,3,2,2,2,2,3,2,5,5,2,2,3,2,2,2,2,2,2,4,2,2,4,9,2,10,5,2,6,2,2,2,2,2,4,2,2,2,2,2,2,4,2,2,2,2,2,2,4,4,4,7,2,2,2,3,2,4,4,2,2,2,2,2,2,2,2,2,10,2,2,3,2,2,2,7,2,4,2,4,2,2,2,2,4,2,2,2,2,2,2,2,2,2,2,2,2,2,2,3,2,2,3,2,2,4,2,2,2,2,2,2,2,3,2,2,2,2,2,3,2,2,2,13,2,2,3,2,2,3,2,3,4,3,5,2,2,2,2,2,2,2,2,2,2,2,3,4,2,2,2,5,2,2,2,3,2,6,9,3,3,2,2,2,2,3,6,2,3,4,5,3,9,2,2,3,2,3,2,3,2,3,3,4,3,3,2,5,2,2,3,2,2,3,9
0.049000	2,2,2,2,3,9,2,2,2,2,4,2,3,2,2,3,2,3,2,2,2,3,2,2,4,3,2,2,2,3,3,2,4,3,2,2,2,5,3,5,2,3,2,3,2,9,2,3,2,2,3,2,2,5,11,2,2,2,2,2,4,2,2,2,2,2,5,2,2,2,4,8,2,3,2,2,3,2,2,2,3,2,2,2,2,2,2,2,2,3,2,2,4,2,3,2,3,2,4,5,2,2,2,3,2,3,3,2,7,2,3,2,2,3,2,2,3,2,3,3,4,2,3,2,2,2,4,18,2,2,2,2,2,7,3,4,4,3,2,2,2,2,3,2,2,2,2,2,2,2,2,2,2,2,2,3,2,2,2,2,2,2,3,4,2,2,2,2,7,2,2,3,3,2,2,3,3,2,3,6,3,2,2,2,2,3,2,2,2,3,2,2,2,3,5,8,2,3,3,25,4,2,2,3,3,2,3,2,2,2,2,2,3,2,3,2,2,2,2,2,2,5,2,2,3,4,2,3,2,2,2,3,2,2,2,3,2,2,3,2,2,6,3,3,3,2,3,3,2,2,2,2,2,2,2,3,2,6,5,4,3,2,2,2,2,7,2,2,2,3,2,2,2,6,3,8,55,2,3,8,3,3,4,2,21,12,2,2,10,3,2,4,4,4,2,2,3,5,6,2,2,12,7,4,4,3,2,13,38,59,2,2,3,11,5,2,2,3,6,6,3,3,2,2,2,3,23,5,6,2,2,2,2,2,4,3,2,2,3,3,2,4,2,2,2,2,2,2,2,2,3,2,5,2,2,3,2,3,3,2,2,2,2,3,3,2,2,7,2,2,2,2,3,7,9,3,2,2,5,2,4,2,2,8,2,2,5,3,9,2,4,2,2,2,2,3,2,2,2,2,2,3,2,15,3,2,2,7,2,3,8,4,2,2,8,8,7,3,2,2,9,2,2,2,4,2,2,2,2,3,2,2,2,9,2,2,2,2,2,2,2,2,2,3,2,2,2,2,5,2,3,2,2,7,4,3,7,7,3,2,2,2,3,36,3,4,2,2,8,2,9,6,2,8,2,10,7,6,2,9,10,4,12,12,2,2,3,3,3,4,2,2,3,4,4,8,2,2,7,10,2,4,2,12,47,13,6,2,2,2,2,3,2,2,4,9,2,7,2,2,3,2,2,2,5,2,2,7,3,2,2,2,2,2,3,5,2,6,2,2,3,2,2,2,2,2,2,4,2,2,2,2,2,3,4,7,2,9,2,10,5,2,6,2,2,2,2,2,4,2,2,2,2,2,2,2,4,3,2,2,2,2,2,2,4,2,2,4,2,2,4,4,2,2,2,2,2,2,2,2,2,2,10,2,2,3,2,2,7,2,4,2,2,4,2,2,2,2,2,4,3,2,2,2,2,2,2,2,2,2,2,2,2,3,2,3,3,2,2,3,2,4,2,2,2,2,2,2,2,2,2,3,2,2,2,3,2,3,2,2,2,13,2,2,2,3,2,2,2,4,2,3,3,4,3,5,2,3,5,5,2,2,2,3,2,2,3,3,4,2,2,2,2,2,2,2,3,2,2,9,6,3,3,3,2,3,2,2,2,2,2,2,4,5,3,9,2,2,2,2,3,2,3,3,2,3,3,4,3,2,5,4,3
0.050000	2,2,9,3,4,2,3,11,2,2,2,2,3,4,2,2,2,3,2,3,2,3,2,2,2,5,2,3,2,4,3,2,2,2,2,3,3,4,6,2,2,5,2,3,2,2,5,2,3,2,3,2,2,3,2,2,9,3,2,3,2,2,5,11,2,2,2,2,2,2,4,2,2,2,2,2,5,2,2,2,4,3,2,2,2,3,2,2,2,3,4,2,3,2,2,2,2,2,2,4,3,2,3,2,3,2,4,5,2,2,3,2,2,2,3,3,6,2,3,3,2,2,3,3,2,3,3,4,2,3,2,2,4,18,5,2,2,2,2,2,7,4,2,4,2,2,3,2,2,2,2,3,2,2,2,2,2,2,2,2,2,2,3,2,3,2,2,2,2,2,2,2,3,4,2,2,2,7,3,2,2,3,3,2,2,3,3,3,3,2,2,2,2,4,2,2,2,5,2,2,7,2,2,2,2,2,3,5,8,2,3,2,3,25,2,2,4,3,2,3,2,2,2,2,2,2,5,3,2,2,2,2,2,2,2,5,3,4,2,3,2,2,2,3,2,2,2,3,2,2,2,3,2,2,6,3,2,3,3,2,3,3,2,2,2,2,2,2,2,6,5,4,3,2,5,2,2,2,2,7,2,2,3,2,2,2,6,3,8,3,55,2,8,3,3,4,2,21,12,10,2,3,4,2,5,2,2,4,6,3,5,2,6,2,12,7,4,4,3,2,13,38,2,59,2,3,11,5,2,4,7,3,3,2,4,2,2,3,23,5,6,2,2,2,2,2,2,3,2,2,3,3,2,4,2,2,6,2,2,2,2,2,3,2,5,2,2,10,3,3,3,2,2,2,2,3,3,2,2,2,2,2,2,2,3,7,9,3,2,4,2,2,4,2,2,8,2,2,2,5,2,3,9,2,4,2,2,2,2,2,2,9,2,2,2,3,2,2,18,2,2,7,2,8,3,2,2,8,8,7,3,2,2,7,9,2,2,4,2,2,3,3,2,2,2,2,2,2,2,4,2,2,2,2,2,3,2,2,2,3,5,2,3,2,2,7,4,4,3,7,3,2,2,2,3,36,3,5,2,2,9,16,2,8,2,10,7,6,9,2,10,4,12,12,2,2,3,3,3,2,2,2,9,4,4,2,2,2,7,10,4,2,2,12,47,13,6,2,2,2,2,2,2,4,9,2,7,2,2,2,3,2,2,2,5,2,2,7,3,2,2,2,2,3,2,5,2,6,2,3,2,2,3,2,2,7,2,2,2,2,4,2,2,2,2,3,2,5,2,3,4,9,2,10,5,2,6,2,3,4,4,2,2,2,2,2,2,2,2,3,2,5,2,2,3,2,3,2,4,2,3,2,2,4,4,2,2,2,2,2,2,4,2,2,2,2,2,2,2,12,3,2,4,2,2,4,4,2,9,2,2,2,2,2,2,2,4,2,2,2,2,2,2,3,5,2,2,2,2,2,2,2,2,2,3,2,3,4,3,2,2,2,4,2,2,2,2,5,2,2,2,2,2,2,3,3,3,2,3,2,2,2,3,2,2,13,2,2,2,2,3,2,4,2,3,3,4,3,5,2,2,3,5,2,2,2,2,2,2,2,3,2,3,4,2,2,2,2,2,2,4,2,2,2,3,14,3,3,2,2,3,2,2,2,4,2,2,5,2,2,8,2,2,3,3,3,2,2,2,2,3,3,2,3,2
0.051000	2,2,3,11,2,2,2,2,4,2,2,2,5,3,2,3,2,4,3,3,2,2,3,2,3,2,2,2,3,3,4,6,6,3,11,3,2,2,6,3,5,2,2,3,2,3,3,2,2,3,2,2,3,2,3,2,3,2,5,11,2,2,2,2,2,2,2,2,4,2,2,2,2,2,5,2,2,4,3,3,2,2,4,2,2,4,2,3,2,5,2,2,2,2,2,2,4,2,3,3,2,2,3,2,4,5,2,3,2,3,4,2,2,3,7,2,3,3,2,2,3,2,3,2,3,4,2,2,2,2,3,4,18,2,3,2,2,2,2,7,4,2,4,2,5,2,2,2,2,2,3,2,2,2,2,2,7,3,2,2,2,3,2,3,2,2,2,2,2,2,2,2,3,4,2,2,2,7,2,2,3,3,3,2,2,3,3,3,3,2,2,2,2,4,2,2,2,5,2,2,2,2,2,2,2,2,3,5,5,4,3,2,3,3,25,2,2,5,3,2,3,2,2,2,2,2,2,5,3,2,2,2,2,2,2,2,5,3,5,2,2,3,2,3,2,2,3,2,3,3,2,2,2,3,2,2,2,6,3,3,3,2,3,3,2,2,2,3,2,2,2,11,5,3,2,5,2,2,4,2,2,7,2,2,2,2,5,2,69,2,2,3,3,4,2,21,12,10,3,5,3,2,4,7,2,2,2,6,6,2,8,2,7,4,4,2,17,13,5,37,59,2,2,3,11,4,7,7,2,3,3,2,2,2,6,3,23,5,6,2,2,2,2,2,3,10,2,2,2,3,3,2,4,2,2,2,2,2,2,2,2,3,2,5,2,2,3,14,3,3,2,2,2,2,3,3,2,2,2,2,2,3,3,9,9,3,2,2,2,2,2,4,2,2,8,2,2,2,5,3,8,9,2,4,2,2,2,2,2,2,2,2,2,2,3,2,2,18,2,7,3,3,4,8,2,2,2,2,8,8,7,3,2,2,2,9,2,2,4,2,5,2,3,3,2,2,2,2,2,4,2,2,2,2,2,2,2,2,3,2,3,5,2,3,2,2,10,2,7,7,2,2,2,3,5,2,9,16,2,2,8,2,10,2,3,4,10,9,6,2,5,12,12,2,2,3,3,3,2,2,4,40,9,4,4,2,2,5,8,10,4,5,2,12,47,13,2,3,3,2,2,2,2,2,2,4,9,2,7,2,2,2,3,3,2,2,5,2,2,2,4,4,2,2,3,2,2,5,2,3,2,2,3,3,6,7,4,2,3,2,2,2,2,2,4,2,2,4,2,2,2,2,3,2,3,4,9,2,2,10,5,2,6,2,4,4,2,2,5,5,2,2,2,2,2,2,2,5,2,2,2,3,2,3,2,2,2,2,4,2,4,5,4,2,2,2,2,2,2,2,2,2,3,2,2,2,2,2,12,3,2,2,2,3,4,2,4,2,2,2,9,4,2,2,5,2,3,2,3,2,2,2,2,2,2,3,3,2,2,2,2,2,2,2,2,2,2,2,3,3,4,3,2,2,2,2,4,2,3,2,2,2,2,2,2,3,3,3,2,2,3,2,2,2,2,2,2,2,3,2,2,2,13,2,2,2,4,4,3,2,2,4,3,2,3,3,4,3,2,7,3,5,3,2,2,2,2,2,2,2,2,3,3,5,3,2,2,2,2,6,2,6,9,2,2,2,2,8,2,2,2,2,2,2,3,3,2,2,2,3,2,3,2,3,3,2,5,6,4,2
0.052000	2,2,4,2,3,11,2,2,2,2,4,2,5,3,2,2,3,2,3,2,3,2,2,2,5,2,3,2,3,2,3,3,4,6,2,7,2,5,6,6,5,2,3,2,3,3,4,2,2,3,2,2,2,5,2,2,3,2,5,11,2,2,2,2,2,2,2,2,3,2,2,2,2,2,2,2,2,2,3,2,2,9,3,2,2,4,2,2,4,7,2,3,2,2,2,2,2,2,2,4,2,2,3,3,3,2,4,5,3,2,2,2,2,3,4,2,3,2,8,2,2,3,3,2,2,2,3,2,3,3,4,2,2,2,2,3,2,2,2,2,4,2,2,2,2,3,2,7,4,2,4,2,5,2,2,2,2,2,2,2,2,2,4,2,3,2,2,7,2,3,18,2,3,2,2,2,3,2,2,2,2,3,4,2,2,2,7,2,3,2,3,3,2,2,2,2,3,3,2,6,2,3,4,2,2,2,2,2,2,5,2,2,2,2,2,2,3,4,5,5,4,3,2,2,3,2,28,5,3,2,3,2,2,2,5,2,2,6,3,2,2,2,2,2,2,13,2,3,2,2,5,3,5,2,2,2,3,3,2,3,2,2,2,3,2,2,2,4,3,2,2,6,3,3,3,2,3,3,2,2,2,2,2,2,2,2,2,6,2,2,5,5,3,2,5,2,2,2,7,2,4,2,2,2,11,3,69,2,3,3,4,2,2,21,12,3,4,12,5,2,4,2,6,2,2,2,6,9,6,4,4,2,13,2,10,42,61,3,36,2,4,7,3,3,2,2,2,3,23,5,6,2,2,2,2,2,2,3,2,2,2,3,3,2,4,2,2,2,2,2,2,2,2,3,2,5,2,2,14,3,5,3,2,5,2,3,3,2,2,2,2,2,2,2,2,3,3,7,9,2,2,3,2,2,4,2,2,8,2,2,5,8,3,2,3,9,2,4,2,2,2,2,3,2,2,2,2,2,2,2,3,2,2,3,18,2,7,3,3,8,2,2,2,2,7,4,8,7,12,2,10,2,2,2,2,4,2,2,2,3,2,5,3,3,2,2,4,2,2,2,2,2,2,2,2,3,2,3,4,5,2,3,2,2,10,7,7,2,2,2,2,3,5,2,9,16,2,8,15,3,4,5,3,9,11,5,12,12,2,2,3,5,3,3,2,3,40,8,4,4,2,2,4,5,8,52,2,2,12,21,2,3,2,4,2,2,2,2,4,9,2,7,2,2,4,2,3,2,2,5,2,2,2,4,4,4,2,2,2,2,2,5,2,3,2,2,3,5,3,6,2,3,2,2,3,2,2,3,2,3,2,2,2,2,2,2,2,2,3,3,2,3,2,4,2,9,10,5,3,6,8,2,6,4,2,2,2,2,2,2,2,5,2,5,2,2,3,2,3,2,2,5,2,4,2,2,5,4,2,2,2,2,2,3,2,2,2,2,2,2,2,3,2,2,5,2,2,12,4,2,8,6,2,4,2,2,2,3,4,2,2,2,3,2,3,2,3,2,2,2,3,2,2,2,3,2,2,2,4,2,2,2,3,3,2,2,3,3,3,3,2,2,4,2,2,2,4,2,2,2,5,2,2,2,2,3,3,2,4,3,2,2,2,2,2,2,2,2,2,3,2,2,2,13,2,2,2,2,2,4,4,3,2,3,2,3,2,3,2,2,4,3,3,5,8,2,2,2,2,2,2,2,2,3,3,2,9,4,2,2,2,2,6,2,6,9,2,2,2,2,2,2,5,2,3,2,2,3,2,2,2,2,2,3,5,2,3,2,4,3,6,3
0.053000	2,2,4,2,3,2,4,2,3,2,2,16,5,6,2,2,3,3,3,2,2,4,5,2,2,2,3,2,3,3,4,6,7,2,2,5,6,5,9,2,3,2,2,3,4,4,2,3,5,2,5,2,2,2,2,5,3,10,2,3,2,2,3,4,2,3,2,2,2,2,5,7,2,2,2,2,2,2,2,2,2,3,3,2,2,5,4,2,2,7,4,2,3,2,4,2,2,2,2,2,2,3,3,3,2,3,4,5,4,5,3,2,2,2,2,3,4,2,3,2,4,2,2,2,3,3,2,2,3,2,3,3,4,2,2,2,2,3,2,2,2,2,2,4,2,2,2,2,2,2,2,6,5,2,4,2,3,2,5,2,2,2,2,2,2,2,2,2,4,2,3,2,2,2,3,18,2,3,2,2,2,2,3,2,2,2,2,3,4,7,2,2,2,7,2,2,3,2,3,3,2,2,2,2,2,3,3,2,6,2,4,2,4,2,5,2,3,5,2,2,2,2,2,2,2,3,3,4,5,10,2,3,30,2,2,5,3,2,3,2,2,2,2,6,2,5,6,4,2,2,2,3,2,10,4,2,13,2,3,3,2,3,2,2,2,3,2,2,2,2,3,2,2,6,3,3,3,2,3,3,3,2,2,2,2,2,4,6,2,4,3,2,5,2,10,2,4,4,2,2,2,2,2,3,4,2,9,3,69,2,3,2,3,6,4,21,12,3,4,12,5,2,4,2,2,2,8,8,15,4,4,17,16,2,2,61,3,53,2,3,3,2,5,15,23,2,6,2,2,2,2,2,3,2,2,2,6,3,3,2,4,2,2,3,2,2,2,10,2,2,3,2,5,2,2,3,5,3,2,2,2,5,2,3,3,2,2,2,2,2,2,2,2,3,3,16,3,2,2,2,2,2,4,2,2,8,2,2,5,3,2,2,3,9,2,4,2,2,3,2,2,2,2,2,2,2,2,2,2,3,2,2,18,12,2,7,3,3,8,2,2,2,2,2,7,2,8,8,12,10,4,2,2,4,2,2,2,2,2,3,2,5,3,3,2,2,2,8,4,2,2,2,2,3,3,3,2,3,3,2,3,5,2,3,2,2,10,7,7,3,2,2,2,3,5,2,27,8,15,3,6,5,3,9,11,5,12,12,2,2,3,2,3,3,2,3,40,8,4,4,2,2,2,5,8,52,2,2,12,21,2,3,2,4,2,2,2,2,4,13,5,2,2,3,2,2,2,5,2,2,2,4,4,2,2,4,2,2,2,2,2,2,5,3,2,2,3,2,2,6,2,2,3,2,2,3,2,2,4,3,3,2,2,2,2,2,2,2,3,5,2,2,3,2,4,2,9,10,5,3,2,6,2,6,4,2,2,2,2,2,2,3,2,2,5,2,2,3,2,3,2,2,4,2,4,2,2,2,2,2,5,5,4,4,2,2,2,2,2,2,2,2,2,3,4,2,2,3,2,2,2,2,12,4,2,7,8,6,2,4,2,2,3,4,2,2,3,3,3,2,3,3,3,2,2,2,2,2,7,3,2,2,2,2,2,2,2,2,2,5,2,3,2,2,2,2,3,2,4,3,2,2,2,2,2,4,2,2,2,2,3,3,2,2,2,3,3,2,4,3,2,2,5,2,2,2,3,3,2,2,2,13,2,2,2,2,2,2,4,4,3,2,2,3,2,2,3,3,2,3,5,3,5,2,2,5,2,2,2,3,2,2,2,2,3,3,8,2,2,4,2,6,2,12,13,3,2,2,2,2,8,5,2,2,2,2,3,3,2,2,4,2,2,3,8,2,2,7,5
0.054000	2,2,4,2,3,4,2,2,4,2,3,2,5,2,16,2,2,2,3,3,3,2,2,3,5,5,2,2,3,2,3,3,4,6,2,7,2,5,6,6,9,2,3,2,2,2,3,4,2,3,5,2,5,2,2,2,2,2,5,10,2,3,2,2,3,4,2,4,2,2,2,2,2,2,2,2,2,6,3,12,2,2,2,5,4,2,2,4,2,2,2,4,4,2,2,2,2,2,3,3,2,5,3,4,5,2,9,3,2,2,3,2,7,4,3,2,5,3,3,2,2,3,2,2,3,4,4,2,4,3,2,2,2,2,3,2,4,2,2,2,2,2,9,5,2,2,4,2,2,5,2,2,2,2,2,2,2,2,2,4,2,3,2,2,2,2,2,2,18,2,3,2,2,2,3,2,2,2,3,2,3,4,2,2,2,7,2,2,3,2,2,3,3,2,2,2,2,3,3,2,2,6,2,4,4,2,5,2,3,5,2,7,3,2,2,2,2,3,5,5,10,2,2,2,3,30,2,5,3,2,3,2,2,2,2,2,6,2,2,5,5,2,2,3,2,4,3,2,10,4,2,2,2,3,3,2,5,2,3,2,2,3,2,2,2,3,2,2,2,6,3,3,3,2,3,3,2,2,13,2,2,2,4,6,2,2,2,3,2,3,5,2,8,2,4,4,5,2,2,3,4,5,6,69,2,3,3,6,4,21,12,2,2,12,3,5,2,6,10,8,15,17,2,16,12,33,61,3,18,11,3,3,2,3,4,5,13,23,2,6,2,3,2,2,2,2,3,2,2,2,3,3,2,4,4,2,2,3,2,2,2,2,2,3,2,5,2,16,2,3,5,3,2,2,5,2,3,3,2,2,2,2,2,2,2,2,4,10,9,2,2,3,2,2,2,2,2,2,5,3,2,2,2,2,8,2,2,2,5,3,2,2,3,9,6,2,2,2,3,2,2,2,2,2,2,2,2,3,2,2,18,2,9,2,8,4,2,2,3,2,2,8,12,10,4,12,4,10,3,2,4,2,2,2,3,3,2,3,3,5,2,2,2,2,4,2,2,2,2,2,3,3,3,2,3,2,3,5,8,2,3,2,2,10,7,7,2,2,3,3,3,5,2,27,8,15,3,5,3,9,2,11,5,12,12,2,2,2,3,3,3,6,2,2,40,10,4,3,2,2,5,8,2,52,2,2,12,2,21,2,2,3,3,2,2,2,2,2,2,4,13,5,2,2,2,3,2,2,5,2,2,4,3,2,2,7,5,2,2,2,2,2,9,3,2,2,2,2,2,2,6,2,2,3,2,2,3,2,2,2,2,2,2,2,2,2,2,2,2,7,2,2,3,2,2,2,4,2,9,15,5,4,2,5,2,4,4,2,2,2,2,2,2,2,2,2,5,4,5,2,3,4,4,4,2,2,2,2,2,2,2,2,2,4,4,5,4,2,2,2,2,2,2,2,4,2,2,2,2,2,2,2,2,3,2,4,2,2,2,12,4,2,2,7,2,2,2,7,14,4,2,2,3,2,3,3,3,2,3,2,2,2,2,2,3,2,2,2,2,7,2,2,2,2,2,2,2,3,2,2,5,2,2,6,4,3,2,2,2,2,2,2,2,4,2,2,2,2,3,2,2,3,2,2,4,2,2,3,2,4,3,2,2,8,2,2,2,3,3,2,4,2,2,13,3,2,2,2,3,2,4,4,2,2,2,5,3,3,2,3,5,3,2,2,2,2,8,2,2,3,6,3,2,2,3,3,9,2,2,5,2,2,4,2,6,2,3,13,3,2,3,4,2,5,2,3,4,2,3,3,3,2,2,3,8,6,4,2,2,7,5
0.055000	2,2,7,5,4,2,3,4,2,4,2,4,6,3,2,2,2,2,16,3,4,3,3,2,2,2,5,5,2,2,3,2,3,3,3,7,11,5,4,5,5,2,6,2,3,2,2,2,3,4,2,3,5,2,5,5,2,2,2,2,2,15,2,3,3,2,2,9,2,3,2,2,2,7,2,2,2,3,3,2,2,5,2,2,6,2,5,2,4,4,2,3,4,3,2,2,2,4,2,2,4,2,2,3,3,3,2,3,4,5,2,2,3,9,3,2,2,3,4,3,2,2,10,7,3,3,2,2,3,2,3,4,4,2,5,4,3,3,2,2,2,2,2,2,2,2,4,2,3,4,2,2,2,2,4,5,3,2,4,2,2,2,2,3,2,2,2,2,2,4,6,2,5,3,2,2,2,5,2,18,2,3,2,2,2,3,2,2,2,2,2,2,3,4,2,2,2,2,7,2,2,2,3,2,3,3,2,2,2,3,3,3,3,2,6,2,2,4,2,5,2,4,2,2,4,5,2,3,2,2,2,2,3,2,2,4,5,10,2,3,30,2,9,2,3,7,2,2,2,2,6,2,12,2,2,3,3,2,5,2,10,4,2,2,3,3,2,5,2,2,2,3,2,2,3,2,4,2,2,2,2,2,6,3,3,3,2,3,3,4,2,2,2,2,2,4,6,2,2,2,2,3,2,10,9,4,4,5,2,5,2,3,3,69,2,3,3,6,4,21,12,2,4,12,3,5,2,6,10,14,2,8,15,3,2,17,16,61,3,61,2,3,3,23,2,2,2,5,15,6,2,3,2,2,2,3,4,2,2,2,3,3,2,4,5,2,3,2,2,2,2,2,2,2,4,2,5,2,2,2,3,5,2,3,2,2,2,5,2,16,3,3,2,2,2,2,2,2,2,2,2,4,10,9,3,2,2,2,2,2,2,2,5,3,2,2,2,8,2,2,2,5,2,3,2,3,9,6,2,2,2,3,2,2,2,2,2,2,2,4,2,2,2,3,4,2,2,2,9,20,4,2,2,3,2,2,2,8,12,10,4,3,2,4,11,2,2,2,9,3,3,3,3,5,2,2,2,2,8,2,4,2,2,2,2,3,2,3,2,3,3,5,2,2,3,2,2,10,7,7,2,2,2,3,3,5,2,27,8,15,3,8,5,3,9,11,5,12,12,2,2,2,5,4,3,3,2,3,40,8,4,4,5,2,8,2,12,61,13,3,3,4,4,2,2,3,2,2,2,2,2,2,4,13,5,7,5,2,2,2,4,2,5,2,2,4,3,2,4,2,2,2,3,11,2,3,2,2,2,2,2,2,2,6,6,2,2,2,3,2,2,3,2,2,2,2,3,4,3,3,7,2,2,2,2,2,2,2,2,2,2,2,2,2,4,2,9,15,4,2,5,2,4,4,4,2,2,5,2,2,2,2,2,4,2,2,2,4,2,2,2,2,2,3,4,2,6,2,2,2,2,2,4,2,2,4,2,2,4,2,5,4,2,2,2,2,2,7,2,2,2,2,2,4,2,2,2,2,3,2,3,2,2,3,4,3,21,5,2,7,2,2,8,4,2,2,3,2,3,3,3,3,2,2,2,2,2,2,2,2,3,3,2,2,2,3,2,2,2,2,2,2,19,2,2,3,2,2,2,5,2,3,2,3,2,4,2,2,2,4,2,2,2,2,2,2,2,2,3,2,2,3,2,4,2,2,2,4,4,2,3,2,2,2,2,3,8,3,2,4,3,2,2,13,2,2,2,2,3,3,2,4,4,2,3,3,2,3,2,2,2,3,4,3,2,2,2,2,2,2,15,3,6,3,2,2,2,2,3,3,4,4,3,2,2,4,2,6,2,9,13,2,2,5,3,2,2,2,3,4,2,3,3,3,2,2,3,8,6,2,2,2
0.056000	2,3,2,2,11,3,4,2,3,4,2,4,2,2,4,3,2,2,2,2,3,2,2,6,19,2,3,6,3,11,18,5,4,5,2,5,2,3,2,2,7,2,5,3,5,3,5,2,4,2,2,15,2,3,3,2,2,3,3,2,2,3,2,2,3,2,5,2,2,2,2,3,2,2,5,2,2,6,9,7,5,2,4,4,3,4,3,2,2,3,2,2,4,2,2,2,2,3,3,3,4,2,5,3,4,5,2,9,3,2,7,2,4,2,2,2,8,3,3,2,3,2,3,3,2,4,4,3,2,2,4,2,2,2,7,2,2,3,2,2,2,2,2,4,3,5,3,4,2,2,2,2,4,2,9,2,2,2,2,3,2,2,3,2,2,2,2,3,7,2,5,3,2,2,3,4,18,2,2,3,2,2,2,3,2,2,3,2,3,2,3,4,2,2,2,2,7,2,2,3,2,2,3,3,2,2,2,3,3,3,2,2,6,2,2,4,2,2,3,9,4,3,2,4,2,2,2,2,3,7,2,5,5,10,2,2,30,2,9,2,3,2,2,2,2,2,4,6,2,12,4,3,2,5,2,15,7,2,2,2,3,3,2,2,2,2,3,4,2,2,3,2,4,2,2,2,3,6,5,3,3,3,2,3,3,2,2,2,3,2,2,2,2,2,2,6,2,2,2,10,4,12,4,4,5,2,5,2,3,69,2,2,3,3,6,4,21,12,2,12,3,5,3,2,6,10,17,16,35,33,61,3,18,3,4,11,3,3,23,2,2,5,20,6,2,2,2,3,2,2,2,3,2,2,2,3,2,3,2,2,4,5,2,3,2,2,2,4,2,2,4,2,5,2,2,3,5,2,2,3,4,2,2,2,2,3,3,2,2,2,2,2,2,2,4,4,3,19,2,2,18,3,2,2,7,2,2,2,5,3,2,2,2,2,8,2,2,2,5,3,2,2,2,3,9,6,2,2,2,2,3,2,2,2,2,2,2,2,4,2,2,2,3,2,3,2,2,9,20,4,2,2,2,2,2,2,8,8,12,10,4,3,2,4,11,2,2,3,9,3,3,3,3,5,2,2,2,2,3,2,2,2,4,2,2,2,2,3,2,2,3,2,2,3,6,5,2,2,3,2,2,2,12,3,7,3,2,2,3,3,5,3,3,27,8,15,3,5,3,9,11,5,8,2,12,12,2,2,2,2,4,3,3,5,2,2,40,10,9,5,8,6,21,2,7,62,3,3,5,2,3,2,2,2,2,4,2,2,2,2,20,2,2,2,2,4,2,3,5,4,6,2,2,8,3,4,2,2,2,2,2,2,3,4,2,3,2,2,2,2,2,3,2,6,2,2,2,2,2,3,7,2,3,2,2,2,2,3,4,3,3,2,2,2,2,2,2,2,2,2,2,2,4,2,2,4,2,11,3,21,6,2,5,4,2,5,2,2,2,4,2,2,4,2,4,2,2,2,2,2,2,3,2,6,2,4,2,2,2,2,2,4,4,2,2,2,7,7,2,2,2,5,4,2,3,2,3,2,17,2,2,2,2,4,2,3,2,2,2,10,2,2,2,3,2,2,3,4,3,2,3,26,8,4,4,2,2,3,2,3,3,3,3,2,2,2,2,2,2,4,3,2,3,2,2,2,3,2,2,2,2,2,3,3,2,2,2,3,2,2,2,5,2,2,2,4,2,3,2,2,2,2,4,2,3,8,2,2,2,2,2,3,2,2,2,3,3,2,4,2,3,2,2,4,4,2,2,2,2,2,2,3,3,2,4,2,2,13,2,15,5,2,2,2,3,2,4,4,2,3,4,3,2,3,2,2,3,4,3,2,2,2,2,2,3,4,3,2,6,2,2,2,5,2,3,3,4,3,2,2,6,2,6,3,13,2,9,5,2,4,2,2,2,2,3,2,5,2,3,8,2,2,4,5
0.057000	2,3,4,2,4,5,3,2,2,2,2,3,2,2,10,5,2,3,7,9,11,11,5,6,4,5,5,3,2,2,4,2,7,2,2,5,3,5,5,2,4,2,5,13,2,3,3,4,2,2,3,3,2,6,4,5,2,5,2,2,3,2,2,3,2,2,6,2,3,2,5,2,4,2,2,7,2,4,13,2,5,4,2,2,2,3,3,3,2,4,3,3,3,4,5,2,9,3,2,7,4,2,2,2,8,2,5,3,3,2,3,2,3,2,3,3,2,4,4,4,6,3,3,7,2,2,2,2,2,2,2,2,4,3,3,3,4,2,2,2,2,4,2,9,2,2,2,2,3,2,2,2,2,3,2,2,3,2,2,2,5,2,3,5,2,2,3,2,4,18,5,2,2,2,3,2,2,3,2,2,3,3,4,2,2,2,2,7,2,2,2,3,2,3,3,2,2,2,3,3,4,3,2,6,2,2,4,2,2,3,9,2,4,2,7,3,2,2,2,2,3,3,2,2,4,5,10,2,2,30,2,9,2,3,7,2,2,4,2,2,6,2,4,3,7,5,4,3,2,5,2,15,2,2,2,3,2,3,2,2,2,2,3,2,2,3,2,2,4,2,5,2,6,3,3,3,2,3,4,3,2,2,2,3,2,2,2,2,6,5,2,5,2,10,3,7,2,10,3,5,2,2,3,2,11,2,71,3,3,6,4,4,21,12,2,12,3,5,2,6,10,21,2,45,61,3,51,2,3,3,23,2,2,3,2,5,19,6,2,3,2,2,2,3,2,5,2,2,3,3,2,2,4,5,2,4,2,3,2,2,2,2,2,4,2,5,2,2,2,3,5,2,3,4,2,2,2,3,18,6,2,2,2,2,2,2,4,4,3,2,19,2,2,3,6,2,2,2,5,3,2,2,2,2,8,2,2,2,5,3,2,16,2,3,9,2,6,2,2,2,2,2,2,3,2,2,2,2,2,2,4,2,2,8,2,2,3,2,18,3,2,9,2,4,3,3,2,2,2,2,2,2,8,12,10,14,2,3,2,2,5,2,2,9,3,3,3,3,3,5,2,2,2,2,2,2,4,2,8,3,2,2,2,3,2,3,2,2,3,5,6,5,2,2,3,2,4,11,7,6,7,2,2,3,3,5,3,27,8,15,3,2,5,3,5,2,12,13,2,2,2,20,3,3,4,4,3,2,2,40,10,9,5,2,8,6,21,2,62,3,3,7,3,2,2,2,2,3,2,2,2,2,2,2,20,4,7,2,2,2,2,3,4,2,5,4,2,2,3,6,2,4,2,4,2,2,2,2,5,2,3,9,2,3,2,2,2,2,3,5,2,2,6,2,2,2,2,3,2,3,13,2,2,2,3,4,3,3,2,2,2,13,2,2,3,2,2,2,2,2,2,2,7,2,2,4,2,11,3,21,6,3,4,2,2,5,2,2,2,4,2,2,2,7,3,2,2,2,2,2,3,2,6,2,2,6,2,2,2,2,4,4,2,2,2,2,7,2,5,4,2,3,2,3,2,2,2,2,8,2,4,2,3,2,2,2,2,2,2,3,3,2,12,3,3,4,2,7,2,4,2,4,17,3,2,2,3,2,3,2,2,15,2,2,2,2,7,2,2,3,2,2,4,2,2,2,2,3,2,2,2,3,2,2,2,2,5,2,5,4,2,3,2,2,5,2,2,2,2,4,2,3,2,2,2,3,2,2,3,2,2,2,3,2,4,2,4,2,2,2,4,4,3,4,2,2,2,2,2,2,3,3,2,4,2,2,13,2,2,2,2,2,2,3,2,3,3,2,3,2,2,2,3,4,3,2,2,2,2,3,4,3,3,2,6,2,2,2,2,3,3,4,2,3,2,2,6,8,9,13,11,5,2,5,3,2,3,2,2,3,3,12,2,2,4,3,3,2,12,5,2,3,16,2
0.058000	2,3,3,2,2,2,2,5,8,5,5,2,2,3,11,27,5,4,5,5,3,2,2,6,4,3,2,9,3,5,5,2,4,2,2,2,5,13,2,3,3,2,5,3,3,3,6,4,5,5,2,2,3,2,2,3,2,2,5,6,3,2,5,2,4,2,2,2,7,2,4,2,5,4,2,2,3,3,13,3,3,2,3,2,3,4,5,2,9,4,3,2,7,2,2,2,8,2,2,3,2,3,2,3,5,3,3,2,4,4,2,2,6,2,7,2,2,2,3,3,2,2,2,10,2,4,3,3,4,2,2,2,7,2,2,9,2,3,5,2,3,4,2,2,2,4,3,2,2,2,2,2,5,2,3,4,2,2,4,3,2,18,5,2,2,2,3,2,2,2,3,2,4,3,4,2,2,2,2,2,7,2,2,3,2,6,2,2,2,4,3,3,3,2,6,4,4,2,6,2,2,2,2,9,2,5,2,2,7,10,4,2,5,10,2,2,30,2,9,2,3,2,2,7,2,4,2,2,6,4,6,7,4,3,5,2,5,2,15,2,2,2,3,3,2,2,2,2,2,2,2,3,2,2,3,2,2,4,2,5,2,2,6,3,3,3,8,4,2,2,2,3,2,3,2,2,6,2,5,5,2,10,11,10,3,5,2,3,2,2,71,12,4,21,12,2,4,15,5,2,3,16,12,21,45,61,3,3,3,23,2,4,2,68,6,2,6,2,2,3,2,2,2,2,3,2,2,2,7,2,2,2,4,3,2,5,4,2,3,2,2,2,3,2,2,5,2,4,2,9,3,5,2,3,2,2,2,2,3,6,3,3,2,2,2,2,2,2,4,13,9,2,3,2,2,2,7,2,18,2,2,5,3,2,2,2,8,2,2,2,2,2,2,5,2,2,3,9,3,2,2,7,2,2,2,2,3,2,2,2,2,16,2,2,2,4,2,2,2,2,18,8,2,2,9,2,4,2,2,2,2,2,2,8,8,12,10,14,3,2,2,2,5,2,3,3,2,10,3,3,5,2,2,2,2,2,2,2,4,2,3,2,2,2,2,3,2,3,3,2,6,3,5,2,2,3,2,4,7,11,7,6,2,2,4,3,5,3,27,2,8,15,3,3,14,5,3,12,15,2,3,4,12,4,3,3,2,2,40,10,8,2,6,21,14,61,2,3,4,4,2,3,2,2,2,3,2,2,2,2,2,2,20,13,2,2,2,2,3,4,2,5,4,2,7,3,6,2,4,2,4,2,2,2,3,4,5,9,2,2,3,2,2,2,2,3,2,7,3,6,4,3,2,2,6,2,2,2,13,2,3,2,3,2,3,2,2,2,3,13,4,3,3,3,2,2,4,2,2,2,7,2,2,2,4,2,3,2,2,2,4,2,2,11,3,21,6,3,4,2,2,2,3,2,3,2,4,2,2,7,6,4,2,6,4,3,3,6,2,2,2,2,2,3,2,2,4,4,2,2,2,2,2,2,5,3,4,2,2,2,3,2,2,2,2,2,7,2,4,4,4,2,3,2,2,2,2,2,15,3,2,2,3,4,15,2,2,7,3,4,5,4,4,2,2,3,2,3,3,14,11,2,2,2,2,2,2,7,2,2,2,2,2,2,3,2,2,2,2,3,2,2,5,2,3,2,2,2,2,5,4,2,3,2,2,2,2,4,2,2,4,2,3,2,2,2,2,2,2,3,2,2,2,3,2,5,2,2,2,4,4,3,4,2,2,3,6,2,2,2,3,3,2,4,2,2,13,2,2,2,2,2,2,2,2,6,3,2,3,5,3,2,3,3,2,2,2,3,2,2,3,3,3,3,4,2,3,6,2,2,2,3,2,3,3,4,2,2,2,12,27,11,12,9,2,2,2,2,4,3,3,2,2,12,2,2,3,16,2,4,2,4,5
0.059000	2,3,3,5,4,5,5,5,40,3,2,2,2,4,3,2,9,3,6,5,5,2,6,6,2,2,5,13,2,3,3,2,2,5,2,6,4,2,2,3,2,2,2,2,10,3,3,3,6,5,2,3,4,2,2,7,2,2,4,2,5,6,2,2,3,3,3,2,3,2,5,4,5,2,9,3,2,9,13,3,2,2,9,2,2,3,3,3,2,4,3,5,3,3,2,4,4,2,2,7,2,2,2,3,3,2,2,2,2,4,3,2,6,3,4,2,2,2,7,2,9,2,3,10,5,2,3,4,4,2,3,2,2,2,2,2,2,6,2,3,4,2,4,3,2,4,18,6,2,2,2,2,2,2,2,3,2,2,4,3,4,2,2,2,2,7,2,2,2,3,6,2,2,2,3,3,3,10,2,2,2,2,8,9,4,2,2,5,2,4,2,7,10,4,6,10,2,2,30,2,2,9,2,3,2,3,2,2,4,3,6,2,4,6,7,4,3,2,5,2,15,2,2,7,2,2,3,3,2,2,2,2,2,2,5,3,2,2,3,2,4,2,5,2,6,2,3,8,2,2,2,3,2,3,2,2,2,6,2,5,2,7,11,4,6,10,3,4,3,2,18,2,71,12,4,2,4,15,5,5,2,33,2,35,66,61,3,3,3,2,23,2,2,46,6,2,6,2,2,3,3,2,2,2,3,2,2,2,2,2,7,6,2,2,4,3,2,4,2,4,3,2,6,2,2,3,2,2,2,4,2,9,2,3,2,4,5,3,2,2,2,2,3,6,3,2,3,2,2,2,2,2,4,13,9,2,4,3,2,2,2,7,2,2,2,5,3,4,2,2,2,2,3,2,8,2,2,2,12,5,2,2,3,9,3,2,7,2,2,2,2,2,5,3,2,3,2,2,2,2,8,4,2,2,2,2,18,8,2,9,2,3,4,2,2,3,3,2,2,8,12,10,2,14,3,2,2,2,5,2,2,10,3,3,3,5,2,6,2,2,2,2,2,2,3,2,4,2,3,2,2,2,2,3,2,5,9,3,5,2,2,3,2,4,11,7,6,2,2,2,4,3,5,3,27,8,15,3,3,3,14,5,3,12,15,2,4,12,4,7,3,3,2,2,40,10,8,61,27,2,5,14,3,3,11,2,2,3,2,2,2,20,2,2,2,20,2,2,2,2,3,4,13,2,3,2,6,4,2,6,2,4,2,13,4,2,2,2,3,9,2,2,3,2,7,2,2,2,3,2,3,8,6,3,2,4,2,4,2,2,2,2,2,3,2,3,5,22,3,2,2,2,3,3,3,2,2,4,6,2,2,2,2,2,2,4,2,3,2,2,2,2,4,2,11,3,21,6,3,4,3,2,2,2,2,3,2,4,2,2,7,2,6,4,2,4,3,3,6,2,2,2,11,2,2,3,2,4,4,2,2,2,2,21,2,2,5,4,2,2,3,3,3,2,5,2,2,2,2,8,2,3,2,2,2,2,2,2,2,2,2,18,8,2,8,2,7,2,7,3,5,11,3,2,7,3,2,3,5,2,2,2,7,9,2,2,2,2,3,6,2,2,4,3,2,2,2,3,2,2,5,2,2,5,5,3,2,3,4,2,2,2,2,2,2,6,3,2,2,2,4,2,3,3,2,2,2,2,3,2,2,2,2,3,4,4,3,4,2,2,3,2,2,2,6,3,3,2,8,5,2,2,13,2,2,8,2,2,2,3,2,3,3,2,5,3,2,4,3,2,2,3,3,2,2,8,3,2,3,6,5,2,2,2,3,3,9,7,2,3,2,11,36,2,4,2,2,2,2,12,2,16,5,4,2,4,2,5,5,3,2,2,5,10,4,5,2
0.060000	2,3,2,4,3,2,9,3,6,5,5,13,2,5,3,11,2,2,5,7,3,6,4,6,2,2,3,2,2,2,2,10,3,47,2,5,2,3,4,2,2,7,2,4,2,3,5,6,2,2,2,4,3,6,3,2,2,11,5,9,8,2,4,7,8,3,3,2,3,2,3,5,3,5,4,5,6,3,3,3,2,2,3,3,2,2,2,2,4,5,3,3,4,2,2,7,4,2,9,2,5,3,5,2,3,4,4,2,3,3,4,2,7,2,2,2,2,8,4,4,6,18,2,17,6,2,2,2,2,2,2,2,3,3,2,3,3,2,4,2,2,2,2,7,2,4,2,3,6,2,2,2,3,3,3,10,2,2,2,2,8,9,4,2,2,5,6,2,5,8,2,5,6,10,2,4,2,2,2,30,2,9,2,3,2,3,3,2,3,4,6,4,6,4,8,3,2,5,2,15,2,2,3,3,3,2,2,2,5,2,3,9,5,3,2,4,2,2,6,6,3,8,2,2,2,3,2,3,2,3,2,2,6,2,5,7,7,15,2,6,10,3,7,6,12,5,4,3,3,5,2,33,18,73,10,61,8,3,14,130,3,3,23,2,2,11,6,6,2,2,2,3,2,2,2,5,2,2,6,3,2,7,2,2,4,3,2,4,2,2,3,2,2,2,3,2,2,2,4,2,2,9,2,4,5,3,2,2,2,4,2,8,3,6,3,3,2,2,2,2,2,4,12,13,9,2,3,2,2,2,7,2,2,3,8,2,5,3,2,2,2,2,3,2,2,3,8,2,2,2,2,5,3,2,2,2,2,3,9,2,2,8,2,2,2,2,2,3,5,2,2,2,2,2,4,2,4,2,2,2,5,18,8,2,9,2,4,2,2,9,3,3,2,2,8,12,10,14,3,2,3,2,2,5,2,3,3,6,6,2,2,10,2,2,2,3,2,2,2,4,2,3,5,2,2,2,2,3,2,5,3,6,2,20,2,4,11,5,5,8,2,3,4,3,3,13,5,3,27,8,19,8,5,3,12,15,13,2,4,20,4,3,4,2,5,4,43,7,5,6,5,61,27,2,14,2,3,4,2,4,2,3,2,2,2,2,2,2,20,22,2,2,2,2,5,4,2,3,2,6,8,6,2,4,2,4,2,2,2,5,6,2,9,2,3,2,2,2,2,3,2,3,3,8,8,3,2,4,2,2,2,3,2,15,3,5,2,2,5,4,3,3,3,2,7,2,4,2,2,2,2,2,2,4,2,4,11,3,2,2,3,3,3,4,3,21,12,2,6,3,5,2,2,2,2,3,2,5,5,2,2,3,2,2,8,7,4,3,4,2,3,3,6,2,2,2,2,2,3,2,2,2,2,2,6,5,4,2,2,2,2,5,3,3,2,2,2,2,2,8,2,3,5,2,2,2,2,2,2,2,2,18,8,2,2,7,3,5,10,3,8,3,10,3,3,2,3,3,3,2,7,9,2,2,2,3,2,3,2,2,4,3,2,2,3,5,7,6,2,2,2,5,5,3,2,3,4,2,8,2,2,2,2,6,3,2,2,2,4,2,2,3,2,2,2,2,3,2,2,3,3,2,2,2,8,3,2,2,2,2,6,3,4,2,2,3,3,2,2,5,2,2,2,13,2,2,2,3,2,2,3,2,2,12,3,3,3,2,5,3,4,3,2,2,2,3,3,2,2,8,3,3,2,6,2,16,2,2,2,3,3,9,7,2,4,2,5,42,10,2,2,2,2,2,4,5,5,3,5,8,2,2,5,3,2,4,5,7,5,2,3,14,5,3,2
0.061000	2,2,5,3,2,2,5,19,6,6,4,2,2,2,3,2,2,2,2,10,3,12,5,2,4,2,2,7,2,4,2,5,6,2,9,2,3,6,6,2,3,2,11,5,9,3,8,2,4,5,8,5,3,3,5,3,2,5,4,5,5,2,7,2,2,3,3,2,2,2,2,3,3,4,3,2,2,3,3,14,4,11,2,4,4,2,3,2,4,5,5,4,2,2,2,2,3,9,5,4,16,4,6,2,18,6,2,2,2,2,3,2,13,2,2,3,3,3,2,2,3,4,2,4,2,2,2,7,2,2,3,6,2,2,2,2,2,3,3,3,10,2,3,3,2,2,2,2,13,5,7,2,5,6,5,3,2,4,6,10,2,4,2,2,9,2,3,2,2,32,3,3,2,3,6,4,6,4,4,8,3,2,5,2,15,2,3,3,2,2,3,2,2,2,5,2,3,2,4,3,9,2,8,6,7,3,8,2,3,2,3,2,2,2,8,7,7,18,2,2,2,6,2,5,13,2,7,6,12,4,3,3,5,2,5,33,18,73,10,106,75,3,3,23,2,8,2,29,6,2,6,2,2,3,2,2,2,3,2,5,3,2,2,3,7,2,2,3,2,4,2,4,3,4,2,3,2,2,7,2,2,2,3,2,2,2,4,2,9,2,2,4,5,3,2,2,2,3,6,3,5,5,2,2,2,2,4,13,9,2,4,2,2,2,2,7,2,2,2,5,3,2,2,2,3,2,4,2,8,2,2,2,5,2,8,3,2,2,2,3,11,2,8,2,2,12,2,2,3,4,2,4,2,2,2,2,8,2,2,4,2,2,18,8,3,12,3,3,10,2,3,5,2,8,12,10,14,3,2,2,2,2,5,2,6,3,2,5,6,3,2,2,2,2,2,2,2,4,4,2,14,3,2,2,4,2,3,3,3,6,2,10,2,4,11,5,5,8,2,3,4,3,5,5,3,19,8,35,19,5,3,12,15,20,2,5,4,4,4,2,5,4,52,61,3,5,27,2,14,2,3,4,4,3,2,11,29,5,2,3,2,2,2,2,2,20,2,7,2,2,2,2,4,4,2,3,2,6,2,6,2,6,4,2,6,2,6,6,5,2,2,6,2,2,2,3,2,6,8,4,3,3,6,2,2,2,2,3,2,3,5,11,4,4,3,3,3,2,2,4,2,2,24,2,2,2,2,4,2,3,2,2,3,3,3,3,4,2,2,3,21,12,6,3,9,5,2,2,2,2,3,2,2,7,2,3,2,3,2,2,6,7,4,3,3,6,2,22,2,2,2,2,2,3,2,2,2,2,5,7,6,5,4,2,2,2,2,3,3,2,2,2,2,2,2,8,2,3,2,2,3,2,2,2,2,3,2,4,3,20,2,3,2,7,19,8,10,3,2,3,3,3,14,6,6,2,2,9,5,2,2,3,2,2,2,4,3,2,2,3,5,2,2,5,4,3,5,4,3,2,3,2,2,2,2,3,6,3,2,2,2,4,2,3,2,2,4,2,3,3,2,2,3,2,2,8,3,3,14,4,2,2,2,2,2,2,3,3,2,5,8,5,2,3,2,13,2,2,2,3,16,2,4,3,2,3,5,2,5,3,4,5,3,6,3,2,3,3,2,2,2,3,4,3,2,2,2,2,3,3,4,10,4,5,6,2,53,2,5,2,2,5,3,5,7,8,2,2,4,3,11,3,14,5,48,3,2,4,3,2,6,5,3,8,5,13
0.062000	3,2,3,3,2,2,2,2,2,10,3,7,2,28,24,5,5,5,4,2,2,13,2,2,5,6,2,3,3,3,6,6,2,3,9,2,20,3,4,10,2,4,6,5,3,3,5,4,5,6,5,6,3,3,2,2,2,3,3,2,3,2,2,3,4,3,4,2,3,2,3,2,14,11,2,4,4,2,2,3,2,4,5,4,8,2,9,5,4,3,4,6,18,6,2,2,2,2,3,2,5,2,3,3,3,2,2,3,4,2,2,2,16,2,2,9,2,2,3,6,2,2,2,13,2,3,3,3,10,2,3,3,2,2,4,2,13,6,5,7,2,13,4,6,10,2,2,4,2,2,9,2,3,2,32,3,2,3,2,3,6,4,6,4,8,3,2,2,5,2,15,2,3,3,2,3,2,2,3,2,5,2,3,2,4,3,2,8,6,4,7,8,2,4,3,2,3,5,6,8,2,7,2,20,2,6,13,2,7,6,12,5,4,3,3,5,2,33,18,73,10,3,2,11,3,23,2,2,210,6,2,6,2,2,5,3,2,2,2,2,5,3,2,2,3,8,7,2,2,2,4,6,3,2,4,2,7,2,2,3,2,2,2,4,2,9,2,2,4,5,3,2,2,3,4,2,3,2,5,3,6,3,5,2,2,2,4,8,16,2,5,2,2,2,3,5,2,2,2,3,8,2,2,2,2,2,2,2,8,2,2,12,2,2,2,2,2,5,2,2,3,11,2,3,2,8,2,2,2,2,3,2,2,2,3,2,3,6,3,2,2,2,8,3,2,14,2,4,2,2,18,8,3,12,3,10,10,3,3,5,2,2,8,12,3,2,2,5,2,2,2,5,2,6,25,2,5,6,20,2,2,2,2,2,2,2,2,2,4,12,4,2,3,2,3,2,2,2,4,3,26,6,2,2,4,11,7,11,2,2,2,7,4,5,3,19,8,35,19,5,3,12,2,15,2,6,4,3,4,2,5,4,4,22,51,14,61,27,2,14,2,3,4,4,3,7,3,2,2,3,2,2,2,2,2,20,2,2,2,2,3,2,5,4,2,3,2,3,6,6,2,11,3,2,6,3,3,6,11,5,2,6,2,2,2,3,2,6,8,24,5,3,2,4,3,6,2,2,2,5,3,2,3,5,4,4,2,4,2,2,2,12,2,5,4,2,2,2,3,2,8,2,2,3,3,3,4,2,2,12,30,5,4,5,2,2,2,3,2,2,7,2,2,3,2,3,5,3,4,3,3,2,2,4,2,3,3,2,2,2,2,2,3,2,2,8,7,3,6,2,5,4,2,2,3,2,3,5,2,3,2,2,8,2,3,3,2,2,2,4,2,3,2,4,3,20,2,2,7,19,4,8,10,3,2,3,4,6,2,2,17,15,5,2,2,3,7,2,2,3,5,2,3,2,4,5,3,5,4,3,2,3,2,2,4,6,3,2,4,2,4,2,2,4,14,2,2,3,3,2,2,3,2,3,2,5,2,8,3,2,2,2,2,6,4,2,4,16,2,3,3,2,2,3,2,13,2,2,5,2,3,2,7,2,2,3,2,3,5,4,2,5,3,6,3,2,3,3,2,2,5,2,3,3,2,2,2,2,3,3,4,5,10,4,6,13,33,5,16,3,2,2,3,2,2,13,3,7,11,32,14,5,3,2,6,5,3,8,3,5,13,5,3,2,3,7,6,4,2
0.063000	3,3,2,2,2,2,10,3,5,13,2,8,2,4,2,2,13,2,5,6,2,3,3,2,3,6,6,2,2,5,18,3,4,10,9,2,4,9,5,3,5,4,5,6,5,3,6,3,3,2,2,3,3,2,3,2,2,2,3,4,3,4,3,2,3,2,14,2,11,2,4,4,2,3,2,4,5,4,2,8,2,9,5,4,4,6,18,6,2,2,2,2,2,3,2,2,2,3,3,3,11,2,2,3,4,2,2,2,2,9,3,2,16,2,2,3,6,2,2,2,2,2,6,8,5,12,4,3,3,2,2,2,13,6,4,5,7,2,12,6,10,2,4,2,2,2,9,2,3,2,32,3,3,2,3,6,2,4,6,5,3,8,2,15,2,3,3,2,2,7,2,3,2,2,2,5,2,3,3,2,4,3,2,8,6,7,8,2,4,4,3,6,2,3,8,7,6,18,2,2,2,2,15,22,12,4,3,3,5,2,33,2,18,86,194,3,3,2,25,6,6,6,2,2,2,2,3,2,2,4,2,5,3,3,19,3,2,7,4,2,4,3,7,4,2,8,4,2,2,2,3,2,2,2,4,2,2,9,2,4,5,3,2,2,3,2,3,7,2,3,6,3,5,2,2,2,4,8,2,21,2,3,4,5,2,2,2,2,3,5,2,2,2,2,2,2,2,8,2,2,2,2,2,2,2,2,5,2,2,3,11,8,3,2,2,8,2,2,2,2,3,2,12,2,2,3,6,4,2,3,2,2,8,4,5,2,2,4,2,2,3,12,3,36,3,5,3,5,2,10,24,3,10,3,2,3,14,2,2,2,2,3,5,2,5,6,6,10,6,2,2,2,2,2,2,2,2,2,12,4,4,3,2,3,2,5,2,4,3,20,6,2,2,4,11,7,11,2,2,2,7,4,5,19,8,35,19,5,3,12,15,2,2,6,8,5,2,4,5,4,4,51,22,14,61,27,2,14,2,3,4,4,2,33,3,2,3,2,2,2,2,2,3,6,4,2,22,2,2,3,2,5,4,2,3,2,3,6,8,6,2,6,3,3,6,13,2,11,2,2,6,2,2,2,3,2,5,9,24,2,4,2,2,2,2,5,2,3,5,3,4,4,2,4,2,2,2,2,4,2,12,9,3,2,8,2,3,3,2,2,4,2,12,30,5,4,2,3,9,5,2,2,3,7,2,2,3,3,5,3,4,3,3,3,4,4,2,2,2,2,2,2,3,2,13,2,7,6,2,2,5,4,2,2,5,7,8,3,3,2,3,2,2,8,2,3,5,2,2,2,2,2,2,3,2,4,3,20,4,2,17,11,10,3,2,2,4,2,6,4,14,4,2,5,2,4,4,7,2,2,3,3,5,2,2,2,5,4,3,5,2,2,3,11,9,6,3,2,2,6,2,4,14,7,2,3,2,2,3,2,3,2,2,5,8,3,2,3,2,4,2,2,2,3,16,3,2,3,13,3,2,2,13,2,2,5,2,3,2,2,2,2,3,8,3,5,3,4,2,5,3,6,3,2,3,3,2,2,5,2,3,3,2,2,3,3,3,4,12,8,4,6,13,33,6,6,5,6,3,3,8,2,2,6,7,17,14,5,5,45,2,3,2,12,11,3,8,5,13,5,3,2,4,2,7,10,6,4,2,3,3,2
0.064000	3,3,5,4,6,3,13,2,3,3,3,6,2,8,9,2,5,18,3,4,10,2,9,2,5,3,4,9,6,7,6,3,3,2,9,2,3,3,2,3,2,2,3,4,3,3,4,3,2,3,2,14,11,2,4,4,2,2,3,2,4,5,4,8,2,9,5,2,4,4,6,18,6,2,2,2,2,3,11,2,2,2,3,2,3,5,2,3,2,16,4,2,2,2,2,9,3,2,5,6,8,2,2,2,2,2,6,5,12,4,3,2,6,3,2,2,2,13,11,20,10,2,8,4,4,2,2,2,10,32,3,2,3,3,3,2,2,6,4,6,5,3,8,2,15,3,2,7,6,2,2,3,2,2,2,5,4,2,3,2,4,3,2,8,6,7,2,2,3,8,2,3,3,8,6,8,7,2,2,20,2,2,6,15,22,12,4,3,3,2,5,2,33,18,86,194,29,2,2,12,19,6,2,2,3,2,2,4,2,5,3,8,3,3,2,8,4,3,4,3,7,2,2,2,4,2,2,2,3,5,2,4,2,4,7,5,3,10,3,2,2,4,3,2,3,2,6,3,5,2,2,5,6,11,9,5,2,2,3,4,5,2,2,2,2,3,2,8,3,2,3,3,2,8,2,2,2,2,12,2,2,3,2,2,2,3,11,7,2,14,2,2,10,2,2,2,2,2,2,6,10,2,3,3,3,2,5,2,3,2,2,10,2,5,3,12,3,36,3,3,5,2,20,10,24,3,10,3,2,3,2,2,2,4,12,2,2,2,4,12,8,6,8,6,2,26,2,2,2,2,2,2,2,2,4,4,7,3,2,3,2,5,2,4,3,6,3,2,3,5,20,8,5,4,5,19,8,5,22,28,2,2,5,55,8,5,2,4,5,7,4,4,51,14,61,27,2,14,2,3,2,8,2,2,2,3,2,2,3,3,2,3,2,3,6,22,2,2,3,2,4,3,11,2,3,2,6,4,6,8,6,3,8,24,2,5,2,2,2,6,2,2,2,3,4,3,2,4,20,2,2,2,2,2,2,5,12,2,3,5,4,4,2,4,2,2,2,7,2,4,2,9,3,3,6,3,2,2,2,4,12,30,5,4,4,3,3,5,5,3,2,2,7,2,2,3,3,5,3,6,3,2,2,2,2,4,4,2,2,2,2,21,2,2,3,2,2,7,3,10,10,2,2,5,4,2,2,5,3,3,2,3,2,4,2,8,2,4,2,2,2,4,2,3,3,2,19,8,10,9,3,2,10,3,2,7,2,2,4,4,8,2,5,2,4,4,7,14,2,2,3,5,2,2,2,5,4,3,5,5,2,3,31,9,6,3,2,2,6,16,7,8,3,2,6,2,2,3,2,3,5,2,2,11,4,2,3,2,2,3,3,4,2,2,5,3,5,3,2,2,13,2,5,2,4,5,5,6,2,2,3,5,2,8,5,3,6,3,2,3,3,2,2,2,8,3,3,2,2,3,3,3,4,12,4,4,6,13,33,5,17,2,3,3,2,2,3,12,14,5,17,45,3,2,3,8,5,2,13,5,3,4,2,30,10,6,4,5,2,2,2,2,3,4,10,3,18,5,7
0.065000	3,2,9,7,25,3,4,10,2,9,5,3,2,4,9,13,2,7,2,2,3,3,2,2,3,2,2,3,3,2,4,3,4,3,9,2,3,2,14,11,2,4,4,2,4,3,5,9,8,2,9,5,4,4,6,18,2,6,2,2,2,3,2,2,3,2,3,2,5,3,2,3,4,2,2,2,2,9,11,3,2,5,6,2,2,2,2,2,6,24,5,12,4,3,3,2,2,2,13,2,2,2,11,18,6,12,2,4,2,2,2,2,6,10,32,3,2,3,3,2,2,6,5,2,3,18,2,15,2,7,6,2,2,3,4,5,2,5,2,3,2,4,2,5,2,3,8,6,7,2,3,8,2,3,3,8,3,6,8,7,2,20,2,2,6,12,4,4,5,2,33,24,40,83,29,2,2,206,2,6,2,2,3,2,2,4,2,5,3,5,3,3,2,8,4,3,4,3,7,2,13,4,2,2,5,2,4,2,4,5,3,14,15,3,2,2,4,3,2,3,6,3,4,7,5,2,2,5,6,11,9,5,2,3,2,4,5,2,2,2,2,2,4,2,2,2,3,2,4,3,2,8,2,2,2,2,8,3,2,2,2,3,11,7,2,2,2,12,10,2,2,2,2,6,4,2,3,4,14,3,2,5,2,3,8,4,2,2,5,10,2,2,4,3,12,3,36,3,3,5,10,2,10,24,3,10,3,2,3,2,2,20,2,2,2,2,8,6,2,2,2,2,12,2,2,2,2,2,2,2,4,4,3,4,26,2,3,2,4,3,6,3,3,5,20,7,8,5,4,5,2,19,8,5,30,2,9,54,6,4,4,5,2,4,2,4,58,22,14,14,88,2,3,10,2,2,2,3,5,2,2,3,3,2,2,3,6,22,2,11,2,3,2,4,3,2,4,5,6,8,24,6,3,8,2,5,2,2,2,6,2,3,2,2,3,2,15,6,2,9,2,5,12,2,2,2,2,5,2,3,5,4,4,7,2,4,2,2,2,2,4,2,9,3,7,2,3,6,3,2,2,4,12,30,5,4,3,4,3,3,5,5,2,9,3,2,2,3,3,3,6,2,2,2,2,4,4,2,21,2,2,4,2,2,3,3,2,5,7,2,10,10,2,5,4,2,2,5,3,3,4,2,3,2,2,8,2,4,2,2,3,3,2,3,2,19,8,10,9,3,2,10,2,3,2,2,6,4,6,2,4,31,5,14,2,4,4,2,8,2,2,3,5,2,5,2,4,5,5,3,5,2,3,6,3,3,16,2,7,8,8,3,3,2,6,2,2,5,3,2,3,4,8,3,4,2,3,2,4,2,3,3,2,2,5,3,2,2,13,5,5,2,2,5,10,4,2,2,3,5,8,2,5,12,5,6,3,2,5,3,2,8,4,3,2,2,3,3,3,4,15,12,4,31,5,17,20,6,2,3,2,2,12,43,21,3,5,23,3,8,4,19,3,2,2,6,3,4,5,2,4,4,3,3,7,36,7,2,32,2,5,4,3,13,2,2,6,11
0.066000	3,2,5,3,4,9,13,2,7,2,2,3,2,3,2,3,2,2,2,3,3,5,18,2,3,4,3,2,3,2,14,11,2,4,9,4,2,4,5,9,8,2,9,5,4,3,4,6,6,2,2,2,2,3,2,2,2,3,2,3,5,3,2,3,4,2,2,2,2,2,9,3,2,5,6,2,2,3,11,2,6,5,2,2,3,3,2,2,11,24,36,10,5,6,12,2,4,2,2,2,2,10,32,3,2,3,3,2,2,2,6,2,8,5,3,18,2,3,15,3,4,5,2,4,2,3,5,2,5,2,3,2,4,2,3,5,2,8,6,7,2,3,8,2,2,3,3,3,8,6,8,7,2,20,2,2,7,2,6,12,4,22,9,33,10,40,73,14,29,2,2,206,6,2,2,3,2,2,5,4,2,3,6,4,3,3,8,4,3,5,4,3,7,2,5,2,2,5,2,4,8,2,4,5,3,15,2,2,2,4,3,7,3,6,3,5,2,2,5,6,20,5,4,2,3,3,4,8,2,2,2,2,2,2,2,3,2,4,3,2,8,6,4,2,2,14,3,2,5,6,2,2,3,11,2,2,10,3,10,2,2,2,2,6,4,2,3,10,4,2,5,2,3,8,4,5,2,2,20,2,7,3,51,3,3,10,24,3,10,25,3,2,3,2,2,2,2,2,2,6,40,13,8,6,2,2,2,2,2,2,3,22,2,2,2,4,4,3,2,3,2,5,9,2,4,3,6,3,3,5,20,10,2,4,3,2,4,5,2,19,8,5,30,2,54,5,6,4,4,5,2,4,6,4,4,51,11,14,14,88,2,3,12,2,4,2,2,24,3,2,3,3,2,2,3,6,22,2,2,2,3,2,4,3,3,5,6,4,6,12,8,6,3,8,2,5,6,2,2,4,3,3,3,3,19,2,4,6,2,2,2,3,2,2,5,2,3,5,4,4,2,6,2,2,2,2,2,4,2,9,3,3,6,4,3,2,2,12,30,5,4,7,2,5,7,4,3,3,2,9,3,2,2,3,3,5,22,5,6,2,2,2,3,3,4,4,2,3,2,2,4,2,2,3,7,2,10,10,2,2,5,4,2,2,2,5,3,2,3,16,2,2,8,2,4,2,2,4,5,24,5,8,10,9,13,8,10,3,2,8,6,8,10,2,5,2,4,4,2,8,3,5,9,2,2,7,2,4,3,5,2,3,10,56,9,6,3,5,6,15,3,3,2,2,64,3,2,3,4,8,3,4,3,2,2,3,11,3,3,7,8,5,3,2,2,13,5,2,2,2,5,6,4,2,2,2,5,12,2,5,6,3,2,5,3,2,4,3,2,4,2,3,15,6,16,31,14,11,5,8,19,2,3,3,2,2,3,2,2,4,8,3,6,4,5,2,2,2,4,2,3,3,3,7,63,7,10,2,7,13,2,2,6,2,11,9,7,25,3,4,10,2,2,13
0.067000	3,2,2,3,2,2,2,3,5,18,3,4,9,3,2,3,2,14,15,2,4,4,2,4,4,5,9,8,2,5,5,4,3,7,2,2,6,2,2,2,2,5,2,2,3,2,2,3,5,3,2,3,4,2,2,2,11,2,9,3,2,5,6,2,2,3,2,24,6,5,2,2,4,8,2,2,11,32,2,10,5,6,12,2,4,2,2,2,10,8,32,3,2,3,3,2,2,2,6,5,4,3,18,2,3,15,3,4,5,2,2,3,3,3,5,2,5,2,3,2,4,2,5,3,2,8,6,7,2,3,8,2,2,3,7,3,8,6,8,7,2,20,2,2,3,19,12,4,22,9,33,10,29,2,2,311,8,6,2,6,2,2,3,2,4,4,2,2,3,6,4,3,3,2,4,4,3,7,5,4,2,5,2,2,5,2,4,2,4,14,5,3,15,2,2,2,4,3,3,6,2,3,5,2,2,5,6,20,5,3,3,10,4,8,2,2,2,3,2,2,2,3,3,44,2,4,3,2,3,10,2,3,5,6,25,2,2,5,2,2,3,11,2,2,3,40,10,2,2,2,3,3,6,4,2,2,22,4,2,5,2,4,4,10,6,5,2,9,2,2,7,3,51,3,3,3,44,3,3,2,3,2,2,2,2,2,2,6,13,5,8,6,2,4,2,2,2,2,3,2,11,2,2,6,5,3,2,3,2,4,3,24,6,3,3,5,20,10,2,2,4,5,2,2,9,37,5,30,2,35,6,4,4,7,12,5,2,4,6,4,4,51,14,88,2,3,3,2,13,15,5,2,3,2,3,3,3,2,3,9,22,3,2,4,4,3,4,2,3,5,6,3,8,23,7,2,2,6,4,2,2,4,3,3,6,8,4,3,6,4,7,2,2,5,2,3,5,5,8,2,22,6,3,4,2,2,4,2,3,6,3,17,2,2,12,30,5,4,9,3,3,5,2,5,2,9,3,2,2,3,3,3,8,8,2,2,2,2,4,4,2,2,2,4,11,9,2,2,3,7,3,19,15,2,2,9,34,2,2,5,2,3,2,8,5,2,2,7,4,2,2,4,5,32,2,12,3,10,11,3,2,4,2,31,14,10,2,5,2,2,2,8,3,5,2,2,7,2,4,8,2,5,3,5,2,3,6,3,5,6,3,23,2,2,3,4,8,5,7,3,2,2,5,3,3,7,8,5,3,2,2,15,2,2,23,4,5,2,2,2,5,12,5,6,2,3,3,5,10,3,2,4,3,2,2,2,35,3,7,6,16,31,14,11,5,19,9,11,2,3,6,2,5,2,2,2,4,2,3,3,2,87,38,2,7,13,2,2,6,11,9,3,7,9,29,2,2,2,4,17,13,3,2,5,3,4,9,13,2,7,5,2,3
0.068000	3,2,3,2,5,18,3,2,3,14,7,2,2,15,2,4,6,6,2,4,9,4,5,9,3,4,3,7,8,2,2,6,2,2,4,2,5,2,2,3,2,3,5,3,2,2,3,4,2,2,2,2,9,3,2,5,16,6,2,2,3,2,6,5,2,2,4,21,8,2,2,11,32,10,5,6,12,2,2,4,2,2,2,10,32,2,3,3,3,2,3,2,2,2,6,14,4,5,3,2,8,2,3,15,3,4,5,2,2,3,5,3,4,7,3,2,2,4,2,2,8,6,6,3,7,2,3,8,2,2,3,4,6,8,3,7,2,28,2,2,3,12,4,22,9,7,33,10,29,2,3,5,314,6,2,2,19,3,2,4,4,2,3,6,3,7,8,8,2,4,4,3,7,4,2,2,6,2,4,2,5,2,4,2,4,5,3,15,2,8,2,4,3,2,3,6,3,6,2,2,14,5,6,20,5,2,4,3,9,2,2,3,3,2,2,2,3,4,3,6,3,2,2,2,3,10,2,3,5,6,2,2,5,2,10,3,3,3,11,2,2,3,2,2,10,44,2,3,3,6,4,2,3,4,2,5,25,2,4,4,5,2,2,2,7,3,51,40,3,3,3,44,3,2,3,2,2,4,22,2,8,7,8,6,10,12,2,4,2,9,2,2,2,2,5,2,5,3,2,3,3,6,5,4,3,6,3,3,5,20,10,5,2,2,4,7,3,2,9,37,5,30,11,2,35,6,4,4,5,2,5,4,4,7,24,51,17,2,104,3,2,3,3,2,3,13,2,3,3,2,3,9,22,3,2,4,14,4,3,4,3,5,6,2,16,6,23,4,2,2,6,2,2,4,3,3,3,8,7,2,2,5,7,3,5,2,6,3,4,19,2,2,6,6,2,4,2,7,12,30,5,5,4,2,3,3,2,2,2,6,2,8,10,15,3,8,2,2,2,2,4,4,9,2,3,3,2,4,2,5,2,9,7,58,13,10,2,9,2,3,5,3,7,3,3,64,2,2,2,3,14,4,2,2,4,5,3,42,9,12,3,10,3,2,4,2,28,23,12,5,2,2,8,3,5,2,2,7,13,2,4,8,2,3,5,2,3,9,6,5,6,3,6,3,11,11,5,6,2,3,2,15,4,3,2,2,3,3,7,7,5,5,3,2,2,15,2,5,4,5,11,7,5,6,3,3,5,10,3,2,4,3,7,2,2,3,2,6,16,31,18,17,18,13,2,3,3,2,6,11,2,4,2,3,3,43,26,2,7,13,3,2,2,6,11,9,7,9,29,2,3,2,2,2,4,35,13,3,5,3,4,9,2,13,5,2,9,3,2,3,2,2,2
0.069000	3,2,4,2,14,2,15,2,4,6,6,5,2,8,5,3,5,9,4,11,6,2,2,9,2,2,5,2,2,3,3,5,5,3,4,2,4,2,2,2,2,9,3,2,5,2,6,2,2,3,2,6,5,4,8,2,16,2,16,13,11,22,6,12,2,3,4,21,2,2,2,10,32,2,3,3,3,3,2,2,2,6,14,4,10,2,3,15,4,2,9,2,2,3,5,8,2,3,2,3,8,2,3,2,8,6,7,2,3,8,2,3,4,2,8,10,8,7,2,20,2,4,2,3,3,6,16,33,73,41,29,2,3,5,3,241,6,2,2,3,2,8,3,2,3,7,6,3,7,8,2,4,5,3,7,2,19,2,6,2,2,2,4,6,9,2,4,8,5,3,7,2,2,4,4,3,2,3,4,6,3,3,5,6,2,11,7,14,2,8,4,3,9,2,2,3,2,2,2,3,3,7,3,2,3,10,2,3,5,6,2,2,2,5,2,3,3,3,11,2,2,3,2,10,2,2,10,2,6,4,2,6,4,6,44,3,2,5,2,4,4,5,2,2,2,25,7,3,51,3,3,3,44,3,2,3,40,2,2,7,3,4,2,8,6,10,19,22,2,4,2,2,2,2,2,5,4,3,9,5,2,3,4,5,4,3,6,3,3,3,5,20,10,2,2,4,7,3,2,9,5,37,5,30,2,35,6,4,4,5,2,11,5,4,4,51,17,107,5,3,13,2,24,2,3,2,3,3,2,3,9,22,3,7,16,2,8,3,3,5,7,6,23,18,2,12,2,6,2,2,4,3,3,4,8,2,13,2,5,7,3,5,2,6,2,8,3,14,11,3,2,4,2,7,12,30,11,3,24,3,2,6,2,14,5,9,10,3,8,58,2,2,2,2,4,4,3,3,2,2,28,7,3,4,2,3,5,14,7,3,2,64,2,2,3,14,4,2,2,4,5,42,3,9,12,3,10,3,2,4,2,28,12,23,2,2,2,8,3,5,2,2,7,2,3,13,4,8,2,3,5,2,3,14,6,6,5,3,3,2,9,8,5,6,2,3,15,2,4,3,2,2,3,3,7,7,5,3,5,2,2,15,2,16,4,5,11,7,6,5,3,3,5,10,3,2,4,2,3,12,2,6,16,31,18,17,27,2,11,13,3,4,6,2,2,3,4,11,20,3,11,3,13,2,2,6,11,9,3,29,2,3,2,2,4,16,8,71,5,2,3,4,9,13,3,9,5,2,3,2,2,3,2,2,2,3,5,18,3,2,7
0.070000	3,2,5,3,5,9,4,11,6,2,2,5,2,2,3,5,5,5,2,3,4,2,2,9,2,2,9,3,2,5,6,2,2,3,4,4,8,2,2,11,29,11,22,20,3,2,4,4,2,2,12,2,3,32,2,3,16,3,2,2,2,6,14,4,10,2,3,21,15,4,9,2,2,3,5,8,2,3,8,2,3,2,3,2,8,6,7,2,3,4,8,2,3,3,8,10,8,7,2,22,2,2,3,16,33,29,2,3,5,355,6,3,3,2,2,3,2,8,3,2,2,2,11,3,3,3,9,2,2,4,5,3,7,2,7,2,6,2,2,2,5,2,4,6,9,5,5,6,2,6,4,2,4,2,2,3,27,6,3,3,5,6,2,11,7,14,6,4,4,9,3,2,2,3,2,7,3,6,3,3,2,3,10,2,6,2,5,8,2,2,3,3,3,11,2,2,2,3,2,2,10,10,2,6,4,2,6,4,2,5,3,44,4,2,4,5,2,2,2,7,3,51,2,25,3,3,3,44,3,2,3,2,2,4,40,2,7,2,8,6,10,22,2,6,2,3,2,2,5,4,3,5,4,10,4,3,36,6,2,3,3,5,20,10,2,2,4,16,3,7,3,2,9,37,5,30,2,35,47,6,5,3,3,3,3,6,4,17,53,13,107,5,3,3,2,3,2,3,3,2,14,3,9,22,3,2,8,3,3,5,7,24,6,23,18,6,2,2,4,3,3,4,58,12,15,5,10,5,4,3,5,2,6,7,3,2,8,3,11,3,6,2,12,30,7,23,11,4,5,2,6,2,14,5,9,8,13,3,8,2,4,4,2,8,3,3,2,5,2,7,7,4,2,3,5,14,7,3,2,2,2,2,3,14,2,4,5,42,9,7,12,3,10,3,2,4,2,28,12,2,5,8,3,5,2,4,7,2,4,8,2,2,3,7,11,5,2,3,2,6,6,3,4,3,2,9,8,5,6,5,2,15,4,2,3,2,2,3,3,7,3,2,2,15,3,3,2,26,4,5,11,7,6,3,3,5,7,10,3,2,4,6,12,6,17,47,6,7,18,7,33,2,6,6,2,181,13,2,2,6,11,14,11,16,9,29,2,3,2,8,6,4,9,3,6,15,6,4,3,5,2,3,2,3,2,4,3,2,2,5,18,3,2,7,4,2,2,14,2,15,2,4,6,6,5,8
0.071000	3,2,2,2,2,5,2,4,9,2,3,5,2,4,2,2,2,2,9,3,2,5,6,9,2,2,3,4,8,2,2,11,29,9,4,13,13,20,4,4,2,11,2,2,3,2,32,2,3,3,2,3,3,2,2,6,16,20,8,2,3,15,4,9,3,3,5,21,8,2,3,2,3,2,3,2,8,6,8,7,2,3,8,2,6,8,10,8,7,4,2,22,2,3,6,16,33,29,2,3,2,5,355,6,2,2,3,3,4,2,2,3,3,2,11,3,3,9,2,2,4,5,3,3,7,2,2,6,2,2,2,5,6,15,7,5,6,2,3,2,3,4,2,4,2,5,2,3,3,5,6,2,11,7,14,6,27,9,3,9,3,2,2,3,2,7,3,3,6,3,2,3,10,2,6,2,5,8,2,2,3,3,3,11,2,2,2,3,2,10,2,10,4,2,6,4,2,2,7,2,44,7,2,4,4,10,2,2,2,5,2,25,2,3,51,3,3,3,44,3,2,3,2,40,2,2,6,2,10,7,7,6,8,6,3,2,6,2,4,4,3,5,4,10,4,36,3,6,2,3,3,5,20,10,2,4,16,3,7,3,2,9,37,5,30,2,35,47,6,9,5,2,5,4,4,51,107,5,13,3,18,15,3,2,3,2,2,3,9,14,22,3,2,8,3,4,8,7,6,23,11,18,6,2,2,4,3,3,7,12,2,82,13,5,6,5,4,8,13,2,6,2,3,8,3,11,3,6,2,12,30,7,11,7,23,4,5,6,2,17,5,9,8,2,4,2,4,11,2,3,3,4,5,5,2,7,7,8,2,3,5,14,7,3,2,2,2,21,3,14,3,42,9,12,3,10,3,2,3,6,14,9,26,2,8,3,5,2,4,3,8,9,2,3,7,4,5,2,3,17,7,2,7,9,6,9,8,5,6,5,2,4,3,2,2,3,3,7,24,5,3,2,6,2,25,4,5,6,3,3,5,10,3,20,2,4,6,12,6,18,64,6,18,7,3,3,20,7,6,2,2,12,144,13,2,2,6,11,14,16,11,2,3,2,46,6,4,9,6,15,6,3,4,3,7,3,2,3,4,3,2,5,2,18,3,2,7,4,2,6,6,5,8,2,7,4,5,3,22,3,4,11,16,6
0.072000	3,2,4,6,2,9,3,2,7,6,2,2,2,3,4,8,2,2,11,29,34,2,4,9,20,4,2,11,2,2,3,32,2,3,4,3,2,3,3,2,6,20,8,2,3,2,15,4,9,3,3,5,8,2,3,7,16,2,2,8,6,6,7,2,3,8,2,21,18,33,2,4,7,2,3,16,33,29,8,2,3,5,355,6,2,2,3,4,7,4,2,5,6,3,7,8,2,4,5,3,2,7,2,2,6,2,2,6,15,11,3,3,3,9,2,2,4,4,3,2,2,2,3,11,3,4,11,18,5,2,7,4,9,3,13,3,6,3,2,7,3,6,3,2,3,10,10,2,6,2,5,8,2,3,3,3,44,11,2,3,2,3,2,2,3,13,4,65,2,2,3,14,2,7,2,4,4,10,9,2,2,2,2,3,51,3,3,3,44,3,3,2,3,2,2,6,2,10,7,14,27,6,8,6,2,6,2,4,5,9,5,5,4,10,4,3,6,2,3,3,5,20,2,47,10,2,4,3,2,35,46,5,30,2,38,6,8,5,2,10,6,4,4,51,107,82,5,3,18,15,3,2,3,2,2,3,16,9,22,3,2,8,3,4,8,7,6,81,6,2,2,4,3,3,41,12,5,4,3,2,6,2,8,3,11,3,6,2,47,23,4,9,3,4,5,4,9,9,22,2,3,3,2,5,2,11,8,3,3,4,5,9,7,7,3,2,3,5,12,7,5,5,35,3,13,3,12,3,10,3,2,6,14,7,21,65,12,2,8,3,5,2,4,8,9,3,2,3,7,4,5,9,16,6,2,7,7,9,6,17,3,5,6,5,2,2,8,4,3,7,2,2,5,15,2,34,4,5,6,6,3,3,5,10,3,2,4,6,12,30,6,18,64,6,18,7,41,10,21,3,51,3,2,6,2,13,2,2,3,6,11,14,16,2,3,3,4,46,2,11,4,9,6,15,6,4,3,7,3,6,3,2,5,2,5,18,3,2,7,4,2,2,14,6,12,4,22,11,4,11,16,6,2,2,2,2,5,2,4,9,2,3,5
0.073000	3,2,2,3,4,8,2,2,11,29,34,2,2,4,20,11,2,2,3,32,2,3,6,9,3,3,2,2,3,6,28,2,3,15,4,4,9,4,3,5,8,2,3,7,2,2,2,8,6,6,7,2,3,8,4,18,2,33,4,3,5,2,3,6,16,33,29,39,2,3,5,355,6,2,2,3,3,3,8,7,3,2,5,6,3,7,8,2,4,4,5,3,7,2,2,6,2,2,6,15,2,11,8,5,3,2,4,4,3,2,2,3,3,2,3,3,4,11,18,5,9,4,9,11,4,3,6,3,2,7,3,6,3,2,13,3,10,6,2,8,2,2,5,2,3,10,3,14,2,3,2,3,3,17,4,2,44,2,3,14,2,7,2,4,4,10,2,3,2,2,2,3,51,3,44,3,2,3,101,2,4,7,8,14,20,2,6,2,4,5,5,9,5,4,10,4,3,6,2,3,47,3,5,20,10,2,4,3,2,35,46,16,5,32,5,10,5,2,10,6,4,4,2,201,51,107,5,3,18,15,2,4,5,2,3,2,6,22,5,3,2,8,3,4,8,23,7,6,9,41,6,2,2,4,12,6,19,20,8,5,4,8,4,2,12,6,6,4,2,47,4,9,3,4,5,4,9,9,35,22,2,3,2,5,2,11,8,3,3,12,4,5,13,24,3,2,9,8,5,5,4,11,12,5,6,3,12,3,62,13,3,6,2,21,12,3,7,8,2,2,4,8,26,2,4,7,2,3,7,11,5,9,5,7,61,2,7,15,20,5,6,5,2,3,7,14,2,2,44,20,3,4,5,6,3,3,15,5,10,3,2,4,6,12,6,18,82,2,21,7,10,7,3,2,6,11,2,3,3,4,3,46,2,4,9,21,20,9,7,3,6,11,7,5,2,3,2,14,11,2,14,6,3,12,4,22,11,5,10,18,2,2,6,2,2,2,2,2,2,5,2,14,2,5,2,4,4,6,2,9,3,2,7,6,2
0.074000	4,2,8,4,13,61,20,3,3,4,11,2,2,2,3,32,2,3,6,3,3,2,2,9,8,6,28,3,15,7,9,4,3,5,4,8,2,3,7,2,2,8,6,6,7,2,2,3,8,4,18,33,2,3,4,5,2,2,3,16,33,29,2,3,5,355,6,39,2,2,2,3,3,3,7,5,6,3,8,7,8,4,2,2,4,15,2,2,6,4,2,2,6,15,11,8,5,3,2,4,2,4,3,2,2,2,3,3,4,11,18,2,3,5,2,11,9,14,3,6,5,3,6,11,10,2,3,10,6,2,8,2,2,5,13,2,3,3,14,2,3,2,3,3,17,25,4,2,14,3,2,3,3,4,12,2,94,2,2,3,51,3,44,2,3,6,4,3,7,8,14,20,10,20,2,4,5,4,36,10,4,3,6,2,3,3,5,20,10,5,2,4,3,2,35,46,4,2,6,34,47,9,2,5,2,2,11,4,58,107,5,16,3,18,15,2,4,5,2,2,6,22,3,201,5,3,2,8,3,4,8,7,6,9,3,41,6,2,2,4,12,6,10,20,5,23,4,8,4,2,12,6,6,2,47,4,19,4,5,4,9,17,17,2,3,2,5,4,2,11,8,3,3,4,5,3,2,20,35,7,11,12,5,6,3,12,3,62,13,12,3,2,21,12,3,7,8,2,2,4,4,7,10,2,3,5,22,5,15,2,7,6,15,20,5,6,10,19,3,7,2,2,26,22,20,3,4,6,3,3,5,10,3,2,61,2,4,6,12,6,6,100,21,46,3,14,7,2,6,15,2,2,3,2,7,33,46,7,4,9,21,4,9,7,3,6,7,5,3,2,3,2,14,2,2,14,6,12,4,11,22,11,5,10,18,13,2,6,2,2,3,2,2,2,5,2,14,2,5,4,4,2,6,2,9,3,2,6,2,2,3,4
0.075000	4,2,20,3,3,4,11,2,2,3,32,2,2,3,3,2,3,2,6,8,2,6,2,9,28,3,15,7,9,3,3,5,8,2,4,3,7,2,2,8,6,6,7,8,6,2,3,2,53,2,3,6,2,3,6,16,8,33,29,2,3,5,355,6,2,4,3,4,6,7,5,6,3,3,15,2,4,15,2,2,2,6,2,2,6,15,11,8,5,3,3,2,4,2,4,2,2,2,3,3,11,2,22,7,14,6,11,2,10,3,6,2,13,5,3,6,10,2,3,10,6,2,5,41,10,3,14,2,5,2,3,2,3,3,19,17,4,2,14,3,2,3,3,4,12,25,2,2,8,5,3,51,3,44,2,3,94,6,4,7,8,4,20,10,20,6,5,3,5,4,10,3,2,6,2,3,3,5,36,20,14,4,2,35,46,4,2,6,34,5,9,2,5,2,2,11,5,58,21,107,47,5,3,5,3,4,2,8,22,5,13,16,3,7,6,9,53,9,2,2,4,12,3,201,3,9,21,5,4,2,16,3,6,2,3,47,4,17,9,4,9,4,4,6,11,23,2,3,3,2,10,26,19,4,2,3,19,2,16,7,11,12,5,6,3,51,15,4,7,2,27,14,9,12,3,7,8,2,35,2,4,7,10,4,5,5,18,5,2,12,7,15,20,5,6,10,19,3,7,2,10,2,42,7,7,6,3,5,2,4,9,10,16,6,9,6,21,134,10,7,3,3,14,3,2,2,2,2,15,2,2,5,46,7,58,33,4,9,7,21,4,9,3,6,8,7,2,5,2,3,2,14,2,4,11,2,14,8,19,8,11,5,10,2,22,18,6,2,2,2,3,3,6,14,2,5,4,4,6,2,9,3,2,2,6,2,2,3,4,8,4,13,61
0.076000	4,2,3,2,3,2,6,8,2,6,2,28,2,3,15,7,9,3,3,5,8,2,3,9,7,2,2,2,6,6,8,7,8,6,4,3,2,53,2,3,6,3,3,2,6,2,16,33,3,5,352,32,6,4,2,4,8,3,3,2,6,4,4,12,3,3,12,4,4,15,2,4,6,2,3,2,6,15,2,11,6,5,3,2,4,3,7,3,2,3,2,2,3,3,2,22,2,25,9,14,5,3,6,5,3,2,3,10,16,2,6,2,37,2,5,10,3,5,15,2,3,2,3,3,5,17,4,2,14,3,3,4,12,2,155,2,3,51,6,5,48,4,7,8,17,16,19,11,9,5,4,10,3,2,6,2,52,3,3,5,20,14,4,3,35,46,4,13,2,6,34,9,6,2,10,5,61,21,31,107,5,10,4,5,3,4,2,8,22,5,5,13,3,7,6,9,53,9,2,2,12,4,12,3,33,21,5,4,2,16,3,49,6,2,47,4,17,9,4,9,4,4,3,307,6,11,2,3,3,8,16,24,43,5,14,6,5,8,5,33,3,51,15,7,2,15,41,12,3,7,8,2,2,4,7,10,2,4,5,3,6,9,20,2,7,15,20,2,5,6,10,19,12,15,4,5,27,6,5,18,3,9,9,6,9,6,13,100,7,46,21,6,2,2,7,4,9,2,21,37,9,3,6,8,7,2,5,2,7,7,7,4,16,2,14,8,19,8,5,3,22,11,18,2,2,6,2,2,2,3,11,6,14,2,5,4,4,6,2,9,3,3,2,6,2,2,3,12,13,13,53,20,2,3,3,4,11,2,2,3,32,2,3
0.077000	4,2,8,6,2,28,3,15,7,9,3,3,2,5,8,2,3,7,2,2,2,6,6,9,8,7,8,6,3,2,53,2,3,6,4,3,3,2,6,8,401,31,6,4,2,2,4,3,3,2,6,4,4,12,3,3,8,12,4,15,2,4,6,2,2,6,15,4,11,10,5,5,2,4,7,3,2,2,2,2,2,3,2,4,31,5,13,11,2,3,3,6,12,3,2,3,3,10,16,2,42,2,5,3,5,15,3,5,2,3,4,2,3,2,14,3,3,4,12,2,2,6,5,155,48,4,13,15,17,60,39,20,5,4,16,10,5,7,6,2,3,3,33,5,4,52,3,35,46,4,2,6,34,9,6,2,45,10,5,61,107,5,10,4,5,3,4,4,2,10,22,5,13,3,7,6,9,53,35,9,2,3,6,20,38,5,4,2,24,12,6,47,4,25,9,4,9,4,4,6,48,11,2,3,3,8,16,5,6,5,8,272,38,6,3,51,15,7,2,41,12,3,3,14,7,2,4,7,10,14,5,18,11,2,15,7,15,20,29,10,13,15,4,5,27,2,6,18,3,9,9,6,9,6,7,193,2,10,10,6,2,3,2,5,46,7,4,9,21,2,37,9,3,6,8,7,2,5,2,7,7,7,4,16,2,34,4,22,11,5,18,3,13,2,2,7,2,2,6,14,2,5,11,4,4,6,2,9,3,2,6,2,2,3,3,12,13,13,53,4,23,11,2,2,2,3,32,2,4,3,3,2,6,3,2
0.078000	4,2,6,2,3,19,6,2,7,30,3,6,2,8,2,2,8,2,2,6,6,8,7,9,8,6,3,2,3,6,56,3,3,2,4,6,2,2,8,401,31,6,4,2,4,3,3,3,2,4,12,3,16,2,4,15,2,2,4,6,3,6,5,6,15,11,2,8,7,2,2,4,7,3,2,2,2,3,4,2,4,31,5,13,11,2,3,10,3,3,6,12,3,2,3,3,10,16,2,3,4,5,15,7,5,3,22,4,2,14,3,2,42,3,4,12,2,2,6,5,48,4,54,3,28,23,20,5,4,10,2,3,6,2,155,3,3,33,5,4,3,35,46,4,2,16,6,34,9,6,2,10,5,61,107,5,52,10,4,5,3,4,2,10,22,5,7,45,6,9,69,9,2,3,6,29,12,10,4,26,5,4,2,24,6,47,4,25,9,47,4,9,4,4,6,11,2,3,3,11,49,5,5,41,77,13,26,12,2,10,2,48,4,7,10,7,17,9,22,5,6,2,3,223,7,13,39,35,20,4,5,22,6,18,14,3,9,9,6,9,6,80,106,7,21,15,13,22,3,2,2,7,7,4,9,2,29,2,83,8,3,6,2,8,5,2,16,14,7,2,34,4,22,11,5,6,11,18,2,3,2,2,7,2,3,6,14,2,5,4,11,4,6,2,9,3,6,2,2,3,12,3,13,13,74,3,3,4,11,2,2,3,2,32,2,4,3,3,2,6,8,4,2
0.079000	4,2,3,19,6,30,9,3,8,2,7,3,2,2,8,2,2,6,6,8,7,8,6,9,3,2,3,6,56,3,3,2,6,2,4,2,8,401,31,6,4,2,4,3,3,3,2,4,12,3,16,2,4,15,2,4,2,6,3,6,5,6,15,13,3,5,2,8,4,3,7,3,2,3,2,4,31,5,4,13,11,2,10,4,3,2,3,6,12,3,3,2,3,3,10,16,2,3,5,15,4,7,5,3,22,3,6,14,3,3,4,2,42,12,4,17,6,5,48,4,54,28,5,3,4,10,2,3,6,2,3,3,33,4,155,6,3,81,6,4,2,43,8,2,11,16,62,107,5,10,4,5,3,4,2,10,52,9,27,7,6,9,2,12,9,28,69,45,45,36,5,4,2,47,4,25,9,4,4,9,2,5,5,11,6,3,3,43,67,47,11,5,77,13,26,12,2,10,2,4,49,7,10,7,17,9,22,5,6,2,7,14,13,39,4,5,70,7,52,6,18,3,3,15,9,9,6,9,6,13,128,2,3,2,7,7,271,79,4,9,2,29,2,3,6,12,7,2,5,2,16,14,2,7,41,8,8,7,22,2,18,6,2,2,3,7,2,2,6,14,2,5,4,4,6,11,2,9,3,6,2,2,3,12,13,13,3,74,3,3,4,11,2,2,3,32,2,2,4,3,3,2,6,8,4,2,6,2
0.080000	4,2,19,6,11,3,8,2,7,3,2,8,2,2,2,6,6,8,7,8,6,3,2,9,55,4,6,3,3,2,6,2,2,8,4,401,31,6,4,2,4,3,3,2,4,3,12,8,8,4,15,2,4,6,3,12,2,21,13,3,6,2,4,7,3,2,3,8,2,4,7,36,7,9,3,4,12,12,4,3,2,3,3,10,2,23,4,5,14,3,8,22,3,6,14,3,3,4,17,6,4,5,48,4,54,28,5,20,14,2,3,2,42,6,2,3,33,4,5,5,3,81,6,3,4,2,43,8,16,4,56,107,5,10,155,4,4,8,2,5,9,27,7,6,9,16,2,69,21,10,40,9,61,9,7,2,52,47,4,17,13,2,5,5,17,8,3,45,3,43,76,11,5,77,13,2,10,2,4,4,29,5,18,11,5,53,2,7,13,47,39,4,5,70,7,52,6,18,3,9,49,9,7,9,18,70,3,39,13,6,3,29,2,3,3,7,7,271,79,9,13,26,8,3,2,2,12,6,2,18,16,14,2,41,8,7,8,7,22,2,6,2,2,2,7,3,3,2,6,14,2,5,4,4,6,2,9,11,3,6,2,2,3,12,13,13,74,3,3,3,4,2,12,32,2,3,4,3,3,2,3,2,6,8,4,2,6,28,3,3
0.081000	4,2,7,3,2,8,2,2,6,6,8,7,9,8,6,3,2,55,4,7,2,3,2,4,6,2,2,31,9,403,6,2,10,3,3,3,2,4,12,8,8,4,15,2,4,2,6,3,12,21,13,3,6,2,4,7,8,3,3,2,4,7,36,7,9,3,4,4,10,4,6,18,2,3,3,10,2,23,3,4,5,14,8,22,3,6,14,3,3,4,4,17,11,4,54,76,5,20,14,2,42,3,6,2,3,33,4,5,5,3,81,2,16,6,4,2,43,10,9,5,61,107,5,210,10,4,4,8,5,3,9,27,28,13,45,11,6,29,63,52,16,2,47,4,34,4,30,2,5,5,3,3,43,67,11,5,47,93,23,2,10,2,4,29,5,18,11,49,5,27,2,7,107,24,7,6,21,9,29,16,9,52,106,9,37,6,5,8,2,3,3,7,7,3,34,354,9,3,2,12,2,9,6,2,2,18,16,14,2,41,8,8,7,22,2,7,6,2,3,7,2,2,6,14,2,5,14,4,5,6,2,12,3,6,2,2,3,2,12,13,13,74,3,3,4,2,12,32,2,2,3,4,3,3,3,2,6,8,2,3,6,28,3,3,19,6,11,3,8,2
0.082000	4,2,2,6,6,8,7,8,6,3,2,6,9,60,3,3,2,6,2,2,31,9,403,4,6,2,10,3,9,3,20,4,4,15,3,2,3,13,3,10,35,4,2,4,7,2,3,3,2,4,7,36,7,9,3,4,2,10,4,6,18,2,3,3,10,4,5,2,14,25,5,14,3,25,9,3,4,17,13,48,15,26,108,5,2,3,6,2,3,2,33,4,5,3,7,3,81,6,4,2,3,43,10,9,62,107,5,10,4,4,8,2,41,5,3,9,27,28,13,11,6,28,63,43,10,40,2,47,4,34,30,2,14,2,16,3,3,11,5,93,23,2,10,35,5,210,5,56,2,7,107,24,9,30,7,9,45,65,106,16,125,5,9,15,3,4,47,49,29,3,3,7,7,34,3,2,12,6,2,18,16,2,14,2,41,8,8,7,6,24,2,2,7,7,331,4,6,2,2,14,2,5,4,14,5,6,14,6,2,2,3,9,15,68,2,4,23,14,2,3,4,3,35,3,2,2,6,3,2,8,4,6,28,3,3,19,3,6,11,3,8,2,7,3,2,8,2
0.083000	4,9,6,3,2,2,6,59,3,3,2,6,4,2,2,31,9,403,6,10,3,20,4,3,4,15,2,4,34,17,13,2,4,4,2,7,2,3,3,2,4,7,36,7,3,2,14,10,4,6,18,3,10,4,5,14,2,25,5,9,17,5,25,3,4,17,54,13,91,5,2,3,7,4,3,33,7,5,2,3,81,6,4,2,43,10,9,5,61,3,107,5,10,4,5,5,3,36,82,11,41,6,29,30,52,50,2,15,53,17,30,2,43,2,14,2,3,3,11,5,93,23,20,45,23,27,11,2,7,107,24,32,13,9,4,30,7,9,52,106,9,141,14,5,12,47,3,3,49,29,3,456,93,34,7,3,2,12,6,2,18,16,14,2,22,8,49,8,7,8,2,3,7,22,4,6,11,2,2,14,2,5,4,5,6,14,6,3,2,2,3,63,24,4,29,14,32,7,2,4,3,3,2,6,8,4,4,2,6,2,28,3,3,19,6,11,3,8,2,7,2,3,2,8,2,2,6,6,8,7,8
0.084000	4,2,2,6,59,3,3,2,6,2,2,31,9,9,403,6,10,3,20,4,4,15,2,3,4,34,17,13,2,4,4,7,2,3,5,3,2,4,49,9,2,3,7,12,3,2,10,24,5,4,5,14,25,5,9,17,2,4,16,4,17,35,171,5,2,3,7,13,4,3,33,7,5,3,81,6,4,2,2,43,10,9,5,61,107,5,24,19,5,3,5,3,36,82,11,6,34,36,2,15,49,53,2,14,2,3,3,43,108,11,5,2,12,93,23,20,23,5,65,2,7,107,24,91,46,9,65,106,3,56,12,14,3,6,533,29,3,34,97,9,3,8,7,14,6,2,18,16,14,22,49,16,6,8,3,2,2,7,4,2,3,6,2,2,11,14,2,5,4,5,6,14,6,2,2,3,3,63,24,4,29,14,32,7,4,3,2,3,2,6,8,4,4,2,6,28,3,2,3,19,6,11,3,8,2,7,3,2,2,8,2,6,3,8,7,8,6,3,2
0.085000	4,9,2,2,31,9,403,7,13,9,20,4,3,4,15,2,4,34,17,13,2,4,4,5,7,2,3,3,2,4,49,9,2,3,2,7,3,13,5,13,4,5,14,25,5,2,9,17,24,25,4,16,4,17,5,2,13,3,7,4,3,35,2,4,5,3,81,2,6,4,2,43,10,9,5,61,3,119,3,24,9,5,5,3,11,6,15,133,181,49,50,2,76,9,2,14,2,19,6,43,12,72,11,5,20,23,5,181,2,7,107,2,91,24,46,9,9,208,18,2,6,2,533,65,60,34,3,21,14,6,2,7,18,16,14,22,49,16,6,3,3,3,19,7,4,2,3,6,2,2,14,2,5,2,4,5,6,14,6,2,2,3,63,24,2,14,32,7,3,6,3,8,8,36,4,3,2,6,28,3,3,19,6,11,3,8,2,2,7,3,2,8,2,6,3,8,7,2,8,6,3,2,2,6,59,3,6,4
0.086000	4,2,2,31,9,403,7,13,9,20,4,4,9,15,2,4,34,17,13,2,4,4,7,3,2,3,3,2,4,49,3,15,10,4,5,5,13,4,5,14,9,17,24,55,4,2,16,4,17,5,7,4,3,35,2,4,2,5,3,81,6,4,2,43,10,9,5,13,61,3,119,29,9,5,5,3,11,6,2,15,133,181,50,2,85,30,2,35,6,3,11,5,20,23,5,181,116,24,46,9,49,5,302,18,2,6,2,2,12,91,533,65,60,2,42,3,12,14,8,6,2,18,16,14,22,49,3,17,6,19,2,3,7,4,2,3,6,2,2,14,3,2,5,4,5,6,14,8,3,2,3,2,63,24,14,32,7,3,6,3,8,8,2,33,4,2,6,28,3,3,19,6,11,2,3,8,2,7,3,2,8,2,6,3,2,8,7,11,6,2,2,67,6,4,2
0.087000	4,9,6,4,2,2,31,9,403,7,13,9,3,20,4,4,4,17,4,34,17,13,2,6,4,9,3,3,2,4,49,3,15,10,2,4,5,13,4,25,19,9,17,24,30,2,4,16,21,151,5,7,4,3,35,2,2,4,5,3,81,6,4,2,43,10,9,11,5,61,122,4,8,6,5,3,11,6,2,34,140,2,85,30,2,35,6,11,5,3,137,81,116,24,46,9,76,106,5,211,49,18,2,6,2,2,12,91,533,65,60,2,42,3,12,14,8,4,6,2,18,2,3,16,11,22,49,19,3,17,6,3,2,7,4,3,6,2,2,2,14,2,5,4,5,6,14,2,3,5,63,24,6,14,14,32,7,3,6,3,2,26,9,2,8,4,6,28,3,3,19,2,6,11,3,8,2,7,3,2,8,2,2,6,3,8,7,11,11,2,59,3,3
0.088000	4,9,403,7,13,9,20,4,4,4,17,4,3,34,17,13,2,4,9,3,3,6,22,6,28,3,14,10,4,5,13,4,25,19,2,9,17,24,30,30,192,5,7,4,3,2,35,2,4,5,3,81,6,4,2,43,2,10,9,5,61,122,4,5,3,11,6,3,21,133,2,4,85,30,3,4,31,6,14,5,224,116,24,46,9,81,106,5,212,42,18,2,6,2,49,2,12,65,60,2,42,4,5,4,603,6,8,2,18,2,3,3,71,33,17,3,3,19,7,4,3,6,2,2,14,2,5,4,2,5,6,14,2,3,63,24,6,22,14,5,32,7,3,6,3,18,9,2,8,4,2,6,3,7,25,33,2,3,8,2,7,2,3,2,8,2,6,3,8,7,11,2,2,59,3,12,2,6,4,2,2,31,9
0.089000	4,9,7,13,9,2,4,4,17,4,34,17,3,18,7,2,3,3,6,22,28,3,14,6,10,4,5,13,4,9,17,24,74,30,2,192,5,7,4,3,35,2,4,5,3,6,81,6,4,2,43,25,4,28,57,122,4,4,5,3,11,6,21,133,2,4,85,3,30,5,8,25,6,5,224,116,24,46,8,9,81,106,188,42,2,6,2,7,42,49,2,12,65,60,585,44,4,5,4,18,6,8,2,18,2,3,3,71,33,17,3,3,19,7,4,3,6,2,2,14,2,5,4,2,5,6,14,2,3,63,24,6,22,14,5,32,7,3,6,3,18,9,2,8,4,2,6,3,7,25,33,2,3,3,9,2,2,2,8,2,6,3,8,7,11,2,59,2,3,12,2,6,4,2,2,31,9,403
0.090000	4,2,34,17,18,7,2,3,3,6,22,29,9,3,13,10,4,5,13,4,74,26,24,3,20,5,7,4,3,35,2,4,5,3,6,81,6,4,2,43,25,4,28,57,122,2,4,5,3,12,20,21,118,202,55,16,6,6,5,8,124,54,116,24,68,242,46,4,9,191,25,38,3,2,4,7,2,3,8,42,2,49,12,710,44,4,5,4,18,6,2,8,18,4,5,3,71,29,17,3,3,7,19,4,3,6,2,2,14,2,5,4,5,2,6,17,2,3,93,22,14,32,7,3,5,6,3,18,9,2,8,3,2,32,7,2,33,2,3,3,9,2,2,8,8,8,2,6,3,7,11,2,59,3,12,2,6,2,4,31,9,6,405,2,4,4,17,4
0.091000	4,2,4,34,17,18,2,9,3,3,6,22,9,9,30,10,11,24,18,9,5,65,26,3,30,192,5,9,3,35,2,7,5,3,6,81,6,4,2,43,25,4,28,57,122,2,4,14,15,118,32,16,6,17,2,124,6,48,68,382,46,9,246,25,38,3,2,4,4,7,2,3,8,42,2,642,125,4,44,4,5,4,18,6,2,8,18,4,5,3,71,29,17,3,3,7,19,4,3,6,2,2,14,2,5,4,5,2,6,17,2,3,93,22,14,32,7,3,5,6,3,18,9,2,8,3,2,32,7,2,33,2,3,3,9,2,2,8,8,8,2,6,3,7,11,4,3,55,3,12,2,2,6,4,31,9,6,405,2,4,4,17
0.092000	4,2,17,18,2,9,3,3,6,22,9,30,9,10,11,24,18,9,5,65,26,30,192,3,5,9,3,35,2,7,5,3,81,6,6,4,2,49,5,74,29,131,14,15,118,2,32,16,6,17,2,124,48,68,382,59,6,232,5,25,38,3,2,4,7,2,4,4,3,8,42,2,642,125,4,44,4,5,4,18,6,2,8,18,4,5,3,71,29,17,3,3,7,19,4,3,6,2,2,14,2,5,4,5,2,17,2,3,93,22,14,32,7,3,6,5,3,18,9,2,8,8,3,2,32,7,2,33,3,9,2,2,8,8,8,6,3,2,7,11,4,3,55,3,12,2,6,4,2,31,9,6,405,2,4,4,17,4,34
0.093000	4,2,6,22,9,30,10,11,24,18,9,5,9,91,20,5,9,3,35,2,7,5,81,3,6,4,2,5,49,5,74,14,15,118,6,32,202,210,16,6,17,2,124,48,450,2,161,85,25,38,3,2,4,7,2,4,6,4,3,98,594,2,129,44,4,5,4,18,6,2,18,4,8,5,3,71,29,17,4,2,7,4,3,19,6,2,2,14,2,5,4,5,17,2,2,3,93,22,14,3,45,3,18,9,2,5,8,8,3,2,32,7,33,3,9,2,2,2,8,8,8,6,3,7,11,4,3,2,12,58,3,6,4,31,9,6,405,2,2,4,4,17,4,34,17,19,9,3,3
0.094000	4,2,30,3,23,3,15,42,87,5,9,3,9,4,39,81,6,4,2,5,49,11,74,3,14,15,118,32,222,210,16,6,17,2,6,124,48,450,161,80,25,38,3,2,4,2,7,2,6,4,3,98,594,2,129,44,4,5,4,18,8,4,5,74,8,17,18,29,6,11,3,6,2,2,14,19,2,5,4,5,17,2,3,93,22,14,2,3,45,3,18,9,2,8,8,3,33,5,34,7,3,3,9,2,2,8,8,8,2,6,3,7,11,4,3,12,58,4,3,2,6,31,9,6,405,2,20,2,4,34,2,17,4,16,4,10,3,3,6,22,9
0.095000	4,9,16,3,15,129,20,5,12,3,39,81,4,6,4,2,5,49,11,74,14,15,118,5,32,38,6,46,157,450,161,458,25,38,2,3,2,4,7,2,2,6,4,2,4,3,817,2,44,2,16,4,9,8,4,5,74,17,27,18,29,6,11,3,7,2,14,2,5,2,4,5,17,2,3,93,22,14,3,45,2,3,18,9,2,8,8,3,33,34,7,3,3,3,9,2,11,8,8,6,3,7,3,11,55,7,12,3,4,3,6,31,9,2,6,405,2,20,2,4,10,52,4,5,2,4,10,3,6,22,5,27,3,15,3
0.096000	4,9,81,6,4,2,5,49,11,74,29,150,5,351,210,38,6,46,157,450,161,46,25,5,38,3,2,4,7,2,2,6,4,2,4,3,817,44,2,2,16,8,4,5,74,17,18,29,6,27,13,11,2,3,7,2,14,2,5,4,2,17,4,5,93,22,14,3,45,3,8,5,23,7,3,3,33,34,7,3,7,3,2,9,2,11,8,8,6,3,7,11,62,2,3,12,3,3,6,31,9,6,405,2,3,20,2,39,17,4,16,4,10,3,6,2,22,5,27,3,34,3,15,5,16,39
0.097000	4,9,6,32,7,5,16,11,74,29,150,351,5,210,38,6,46,157,450,161,46,64,3,5,2,4,8,7,2,6,4,2,4,3,817,44,2,2,16,8,4,5,74,17,18,29,6,3,13,11,2,3,7,2,14,2,5,4,29,17,4,5,93,22,14,3,45,3,8,2,23,7,3,3,33,34,7,3,3,9,2,2,11,8,8,6,3,7,11,62,3,2,12,3,3,6,31,9,6,405,2,20,3,2,39,17,4,16,4,10,3,6,22,2,5,27,3,34,3,15,5,16,39,81
0.098000	4,9,11,71,29,150,351,210,38,6,46,157,5,657,64,3,7,4,8,7,2,5,10,4,3,2,9,37,772,2,44,8,18,8,9,7,74,17,18,22,3,6,5,11,2,3,7,2,14,2,5,29,4,17,93,22,9,3,14,3,45,3,2,8,20,7,3,3,33,34,7,3,3,2,9,2,11,8,8,6,3,2,8,11,2,62,3,12,3,3,31,9,6,405,2,3,20,2,39,17,4,16,4,5,55,16,2,34,3,15,5,16,39,32,7,97,12
0.099000	4,9,71,29,150,38,6,46,157,570,648,38,5,26,3,7,4,2,8,5,10,4,3,2,9,37,772,2,44,8,18,9,18,9,7,74,17,25,3,5,14,2,3,7,2,14,2,5,4,29,17,93,22,11,12,14,3,45,3,8,2,9,7,3,3,33,34,7,3,3,9,2,2,11,8,8,6,3,11,62,3,12,2,3,3,10,7,31,9,6,405,2,20,3,2,39,17,4,16,5,5,55,15,34,2,3,15,5,16,39,32,7,97,12,11
0.100000	4,5,360,38,6,46,157,657,64,4,7,2,10,4,3,2,9,37,772,44,8,2,18,9,18,9,7,116,5,14,2,3,2,7,2,14,2,5,4,93,22,11,12,32,14,3,45,3,8,9,19,2,7,7,2,3,33,34,7,3,3,9,2,11,8,5,8,6,3,11,62,3,12,3,3,10,2,7,443,2,8,2,20,2,39,17,4,9,16,7,6,5,55,8,34,3,15,5,5,16,39,32,7,97,10,13,28,73,351
0.101000	4,5,157,657,64,4,2,10,10,4,3,2,9,37,772,44,8,2,18,9,18,9,7,116,5,14,2,3,2,7,2,5,16,93,22,11,12,14,3,32,45,3,2,17,7,19,3,33,34,7,2,3,4,8,2,7,12,11,8,8,6,5,3,11,62,3,12,6,7,443,2,8,2,2,20,2,39,17,4,16,7,6,5,9,55,8,34,3,15,5,16,39,32,7,5,97,10,13,28,73,351,360,38,6,46
0.102000	4,5,26,10,10,4,2,10,4,3,2,9,37,772,44,8,2,18,9,18,16,16,100,5,14,2,3,2,7,2,5,16,93,22,11,12,32,15,32,6,16,3,2,11,7,19,3,33,34,2,7,3,4,8,2,7,12,11,8,8,5,6,3,11,62,3,15,6,4,443,2,2,20,2,39,17,4,16,7,6,5,55,9,8,34,3,15,5,16,39,87,40,5,5,15,11,74,38,6,46,157,749,648,38
0.103000	2,2,14,9,37,775,44,8,18,9,18,32,16,16,100,5,14,2,3,7,2,21,6,4,93,22,32,15,3,23,25,2,8,4,7,19,3,33,34,7,3,2,7,12,2,11,8,8,6,3,6,12,62,3,6,2,14,6,445,3,20,2,39,17,4,16,9,7,6,5,55,8,34,3,15,5,16,5,39,87,40,5,15,11,74,38,6,203,5,611,850,3,10,4,2,8
0.104000	2,2,14,9,37,775,44,8,18,9,18,32,16,16,100,5,14,2,3,7,2,21,6,4,93,22,32,15,3,23,25,2,8,4,7,19,3,33,34,7,3,12,3,11,2,8,8,6,3,6,12,62,3,6,14,2,6,445,3,20,2,39,17,4,16,7,9,6,5,55,8,34,3,15,5,16,39,5,87,40,5,15,11,74,46,201,1461,3,5,10,4,8,7,2
0.105000	2,2,14,9,37,775,44,4,27,9,18,32,16,16,100,16,3,7,2,21,4,9,6,118,32,15,3,11,25,2,8,7,19,4,3,33,34,7,3,12,3,11,8,8,2,6,3,6,12,62,3,6,14,6,445,2,3,20,2,39,17,24,5,55,16,34,9,5,19,5,16,39,87,40,5,15,11,5,74,46,201,1455,10,8,8,7,2,5
0.106000	2,2,14,9,37,827,18,9,18,16,16,32,100,5,14,2,3,7,2,21,4,9,6,118,32,15,3,11,25,2,8,7,19,4,3,33,34,7,10,12,3,11,8,8,2,6,3,6,12,62,3,6,14,6,445,2,3,20,2,39,17,24,5,55,16,34,9,5,19,20,6,16,39,87,40,5,15,5,11,74,46,201,3,1436,10,5,7,2,5
0.107000	2,14,4,46,823,18,16,16,27,97,7,32,7,9,3,7,2,21,4,9,118,32,6,15,3,11,25,2,8,7,19,3,33,4,34,7,10,12,3,11,8,8,6,3,2,6,12,62,3,6,14,6,445,3,4,9,22,74,12,3,5,55,5,19,20,6,10,16,39,87,40,5,15,11,74,46,201,2,37,1371,3,65,10,5,7,2,3,2
0.108000	2,14,98,594,181,18,38,91,31,5,13,32,2,9,21,4,9,118,3,60,3,2,6,28,7,19,3,33,34,7,10,12,3,4,11,8,8,6,3,62,3,24,6,7,2,6,445,3,4,22,74,12,3,5,55,9,5,19,20,6,16,39,87,40,5,15,10,11,74,46,201,37,1371,3,65,10,5,2,7,3,3,2
0.109000	2,14,98,594,181,18,38,91,33,5,11,32,2,9,21,4,9,118,3,60,3,2,6,28,7,19,11,25,7,35,12,3,11,4,8,8,62,3,24,6,7,6,445,3,2,4,22,75,11,3,5,55,5,19,20,9,6,16,39,87,40,5,15,11,74,46,10,201,37,1371,3,65,10,5,7,9,3,2,11,3,2
0.110000	34,181,18,38,91,33,12,16,2,9,21,2,4,9,118,3,60,3,2,28,7,19,2,11,25,7,35,12,3,11,8,8,24,9,65,6,8,6,445,3,4,22,75,11,9,3,5,55,5,19,20,6,16,39,87,2,40,5,15,11,74,46,201,37,1371,68,14,10,4,7,9,3,11,3,98,594
0.112000	34,181,18,38,91,33,12,16,2,9,21,2,4,9,118,3,60,3,2,28,7,19,2,11,25,7,35,12,3,11,8,8,24,9,65,6,8,6,445,3,4,22,75,5,9,55,17,34,5,19,26,14,16,39,87,2,40,5,15,11,74,3,1669,10,5,7,14,9,3,11,3,98,594
0.113000	34,181,18,38,91,33,12,16,2,9,9,2,118,3,60,3,19,30,11,25,7,35,2,25,18,12,3,11,8,8,24,65,6,9,8,6,445,3,4,22,76,5,55,25,9,24,26,14,16,39,87,40,5,15,11,2,74,50,1579,10,73,7,9,3,3,14,98,594
0.114000	6,18,38,91,33,12,16,9,118,3,60,38,3,19,30,11,25,7,35,25,18,12,2,3,11,8,8,24,65,6,8,6,445,9,3,4,22,76,5,55,79,26,26,14,2,16,39,136,11,84,50,1523,10,73,7,14,9,3,11,3,98,594,181
0.115000	6,27,38,91,33,12,11,69,4,2,149,38,7,19,11,25,7,35,25,11,12,3,2,11,8,8,24,65,10,14,6,445,3,9,4,22,76,5,55,79,26,26,14,16,2,39,136,11,84,50,1523,9,73,11,7,14,3,3,821,44,4
0.116000	6,27,27,129,7,7,16,3,69,4,2,38,149,7,19,11,25,7,45,12,3,11,2,8,8,24,65,10,14,6,445,4,22,9,76,5,55,79,26,16,39,5,142,114,2,131,40,185,50,1178,68,9,8,26,7,14,11,3,821,44,4
0.117000	6,27,27,129,12,18,69,4,2,149,7,38,19,11,25,7,45,12,3,11,8,8,2,24,65,10,14,6,445,4,22,76,5,9,55,79,26,16,39,5,142,114,131,40,2,185,50,1178,3,69,9,5,26,7,3,14,11,3,821,44,4
0.118000	6,27,27,129,12,18,69,4,2,149,7,38,19,11,25,7,45,7,15,11,8,8,2,24,65,10,14,6,445,26,72,5,55,9,21,34,42,105,16,39,5,142,114,131,2,40,185,4,1136,9,73,11,26,3,3,14,821,44,4
0.119000	6,129,31,18,12,3,69,4,2,149,7,38,19,11,25,7,45,7,15,8,8,12,2,9,8,12,6,79,6,445,26,72,5,9,55,21,34,42,105,16,39,5,142,245,2,179,222,56,4,904,10,73,11,26,3,14,821,44,27
0.120000	6,129,31,18,12,3,69,4,2,149,7,38,19,11,25,7,45,7,15,8,8,12,2,9,8,12,6,79,6,445,26,72,5,9,55,21,34,16,39,5,142,245,179,369,2,56,4,904,10,73,11,26,3,14,821,44,27
0.121000	6,129,31,18,12,3,69,4,2,149,7,38,19,11,25,7,45,7,15,8,8,12,2,9,8,12,6,79,6,445,26,72,5,9,55,16,39,5,142,40,430,388,895,4,2,55,10,73,11,26,3,14,821,44,27
0.122000	6,18,12,3,69,4,2,149,7,19,11,38,25,7,45,7,15,8,8,12,9,8,2,12,6,79,6,445,26,72,5,55,16,9,39,5,142,40,430,388,895,4,55,10,20,73,11,26,3,46,27,129,846
0.123000	6,18,12,3,69,4,2,149,7,19,11,38,25,7,45,7,15,8,8,12,9,8,2,12,6,79,6,445,26,72,5,55,16,9,39,5,142,40,430,388,895,4,55,26,20,83,11,3,46,27,129,846
0.124000	6,18,69,4,19,151,11,25,14,45,7,38,15,8,8,12,9,8,12,10,85,6,2,445,26,72,5,55,16,39,5,142,40,9,430,388,895,4,55,26,73,15,11,3,20,46,27,129,846
0.125000	2,69,4,19,151,11,25,14,45,8,8,45,12,9,8,12,10,85,6,445,26,72,9,5,55,16,39,5,142,40,430,388,895,20,4,55,22,73,11,26,15,3,46,27,129,846,18
0.126000	2,69,4,19,151,11,25,25,60,8,8,45,8,12,10,85,102,5,55,16,39,5,9,142,40,430,388,895,454,119,21,5,11,20,22,15,3,46,27,129,846,18
0.127000	2,76,11,25,43,45,6,19,8,12,10,45,85,102,5,55,3,62,5,142,40,420,9,388,895,454,119,12,5,26,22,14,3,20,46,162,12,857,138
0.128000	2,76,11,25,43,45,6,19,8,12,102,45,5,55,5,142,66,74,369,395,454,1023,9,95,5,22,12,11,26,3,3,20,46,162,12,857,138
0.129000	2,76,11,25,43,45,12,25,8,12,7,45,104,5,55,5,142,66,74,369,395,454,9,1015,95,5,26,22,14,3,20,46,162,12,857,138
0.130000	2,2,222,33,38,33,10,12,25,8,12,45,7,104,5,55,5,142,66,74,369,395,9,454,1015,95,5,26,22,14,3,20,46,163,7,12,850
0.132000	2,33,38,33,10,12,25,8,12,7,104,45,5,55,5,142,66,74,369,395,454,1015,9,22,100,865,37,3,20,46,163,7,2,222
0.133000	2,33,38,12,25,8,12,113,3,5,55,45,5,142,66,74,369,395,454,1010,22,100,9,11,50,24,3,889,18,163,7,19,224
0.134000	2,33,38,12,25,8,12,113,3,5,142,45,66,74,369,395,97,904,454,69,22,100,9,11,50,24,3,889,18,163,7,19,224
0.135000	2,33,38,12,25,8,12,113,3,5,142,45,66,74,369,395,97,904,454,69,22,100,9,11,50,3,3,163,7,12,916,19,224
0.136000	2,14,81,12,25,8,12,113,3,5,142,45,66,74,369,395,97,904,454,69,22,100,9,40,3,163,7,12,916,19,224
0.138000	2,14,81,12,25,8,12,119,94,5,142,45,66,74,369,395,454,973,22,100,40,3,9,163,7,12,916,19,224
0.140000	2,8,12,119,94,5,142,66,74,369,395,45,454,973,37,100,931,59,3,9,163,7,19,224,14,81
0.142000	2,94,5,142,66,74,369,395,454,973,37,45,100,931,59,10,3,163,7,257,81,8,12,119
0.144000	2,94,5,142,66,74,369,395,454,973,37,45,100,10,74,3,912,174,257,81,8,12,119
0.145000	2,94,66,221,369,395,454,973,37,29,10,45,74,3,912,174,257,81,26,65,119
0.147000	2,94,66,221,454,1737,37,29,10,74,3,45,912,174,257,81,26,65,119
0.148000	2,94,66,221,454,1737,15,125,10,3,45,912,174,257,81,26,65,119
0.150000	2,94,66,221,454,1737,15,125,10,2,3,45,912,174,257,81,26,65,119
0.151000	2,94,66,221,454,1737,10,140,2,3,45,912,174,257,81,26,65,119
0.152000	2,94,66,221,454,1737,2,140,3,10,2,45,912,174,257,81,26,65,119
0.155000	2,66,221,454,1737,2,136,3,10,2,45,912,174,257,81,94,119,94
0.157000	2,94,66,221,454,1737,2,126,3,10,2,45,912,174,257,81,6,99,119
0.163000	2,105,119,94,66,221,454,1737,10,116,2,45,3,2,2,912,174,257,81,10
0.167000	2,94,66,221,454,1737,115,5,10,111,2,45,3,2,2,912,174,257,81,119
0.171000	2,94,66,221,454,1737,37,120,10,74,2,45,3,2,2,912,174,257,81,119
0.173000	2,221,454,1737,37,120,10,412,2,3,45,2,2,912,174,119,94,66
0.178000	2,1950,37,120,10,412,2,3,45,2,2,912,174,66,221,454
0.179000	2,120,4,412,3,10,2,45,912,174,66,221,454,1950,37
0.181000	2,397,10,4,2,3,45,66,221,454,1950,37,120,1101
0.194000	2,4,2,3,45,66,221,115,2409,1101,434,10
0.204000	2,4,2,3,45,213,1955,115,528,1101,434,10
0.214000	2,10,2,45,213,1955,364,702,4,1112,3
0.216000	2,3,45,454,2237,1101,554,10,4,2
0.228000	2,45,115,2696,4,1535,3,10,2
0.239000	2,45,115,2696,4,1535,3,10,3
0.245000	2,45,115,2696,4,1535,2,13
0.246000	2,45,115,2696,4,1535,15
0.250000	2,45,115,2696,4,1535,16
0.253000	2,45,1101,3245,19
0.256000	1101,3245,47,20
0.258000	4,4346,47,16
0.289000	2,4,4346,47,16
0.294000	2,10,4350,47,6
0.312000	2,3,4360,47,3
0.314000	2,3,4360,50
0.325000	3,4360,3,50
0.336000	4365,3,47
0.338000	47,4366,3
0.413000	3,4413
0.448000	4416
